"gene","X273614N","X378604X","BC187","DBVPG1106","DBVPG1373","DBVPG6765","L_1374","NCYC361","SK1","UWOPS05_217_3","UWOPS05_227_2","UWOPS83_787_3","UWOPS87_2421","Y12","Y55","YJM975","YJM978","YJM981","YPS128","YPS606","YS2","YS9"
"YAL038W","414954.488","414954.488","414954.488","414954.488","414954.488","414954.488","414954.488","414954.488","414954.488","414954.488","414954.488","414954.488","414954.488","414954.488","414954.488","414954.488","414954.488","414954.488","414954.488","414954.488","414954.488","414954.488"
"YBL002W","  7416.144","  7416.144","  7416.144","  7416.144","  7416.144","  7416.144","  7416.144","  7416.144","  7416.144","  7416.144","  7416.144","  7416.144","  7416.144","  7416.144","  7416.144","  7416.144","  7416.144","  7416.144","  7416.144","  7416.144","  7416.144","  7416.144"
"YBL026W"," 15898.669"," 15898.669"," 15898.669"," 15898.669"," 15898.669"," 15898.669"," 15898.669"," 15898.669"," 15898.669"," 15898.669"," 15898.669"," 15898.669"," 15898.669"," 15898.669"," 15898.669"," 15898.669"," 15898.669"," 15898.669"," 15898.669"," 15898.669"," 15898.669"," 15898.669"
"YBL040C"," 12983.253"," 12983.253"," 12983.253"," 12983.253"," 12983.253"," 12983.253"," 12983.253"," 12983.253"," 12983.253"," 12983.253"," 12983.253"," 12983.253"," 12983.253"," 12983.253"," 12983.253"," 12983.253"," 12983.253"," 12983.253"," 12983.253"," 12983.253"," 12983.253"," 12983.253"
"YBL050W"," 54718.641"," 54718.641"," 54718.641"," 54718.641"," 54718.641"," 54718.641"," 54718.641"," 54718.641"," 54718.641"," 54718.641"," 54718.641"," 54718.641"," 54718.641"," 54718.641"," 54718.641"," 54718.641"," 54718.641"," 54718.641"," 54718.641"," 54718.641"," 54718.641"," 54718.641"
"YBL078C","  6605.400","  6605.400","  6605.400","  6605.400","  6605.400","  6605.400","  6605.400","  6605.400","  6605.400","  6605.400","  6605.400","  6605.400","  6605.400","  6605.400","  6605.400","  6605.400","  6605.400","  6605.400","  6605.400","  6605.400","  6605.400","  6605.400"
"YBL091C"," 23462.731"," 23462.731"," 23462.731"," 23462.731"," 23462.731"," 23462.731"," 23462.731"," 23462.731"," 23462.731"," 23462.731"," 23462.731"," 23462.731"," 23462.731"," 23462.731"," 23462.731"," 23462.731"," 23462.731"," 23462.731"," 23462.731"," 23462.731"," 23462.731"," 23462.731"
"YBL102W","  7737.180","  7737.180","  7737.180","  7737.180","  7737.180","  7737.180","  7737.180","  7737.180","  7737.180","  7737.180","  7737.180","  7737.180","  7737.180","  7737.180","  7737.180","  7737.180","  7737.180","  7737.180","  7737.180","  7737.180","  7737.180","  7737.180"
"YBR025C","106923.528","106923.528","106923.528","106923.528","106923.528","106923.528","106923.528","106923.528","106923.528","106923.528","106923.528","106923.528","106923.528","106923.528","106923.528","106923.528","106923.528","106923.528","106923.528","106923.528","106923.528","106923.528"
"YBR029C"," 16244.268"," 16244.268"," 16244.268"," 16244.268"," 16244.268"," 16244.268"," 16244.268"," 16244.268"," 16244.268"," 16244.268"," 16244.268"," 16244.268"," 16244.268"," 16244.268"," 16244.268"," 16244.268"," 16244.268"," 16244.268"," 16244.268"," 16244.268"," 16244.268"," 16244.268"
"YBR039W"," 97679.323"," 97679.323"," 97679.323"," 97679.323"," 97679.323"," 97679.323"," 97679.323"," 97679.323"," 97679.323"," 97679.323"," 97679.323"," 97679.323"," 97679.323"," 97679.323"," 97679.323"," 97679.323"," 97679.323"," 97679.323"," 97679.323"," 97679.323"," 97679.323"," 97679.323"
"YBR052C"," 53487.409"," 53487.409"," 53487.409"," 53487.409"," 53487.409"," 53487.409"," 53487.409"," 53487.409"," 53487.409"," 53487.409"," 53487.409"," 53487.409"," 53487.409"," 53487.409"," 53487.409"," 53487.409"," 53487.409"," 53487.409"," 53487.409"," 53487.409"," 53487.409"," 53487.409"
"YBR082C"," 15952.501"," 15952.501"," 15952.501"," 15952.501"," 15952.501"," 15952.501"," 15952.501"," 15952.501"," 15952.501"," 15952.501"," 15952.501"," 15952.501"," 15952.501"," 15952.501"," 15952.501"," 15952.501"," 15952.501"," 15952.501"," 15952.501"," 15952.501"," 15952.501"," 15952.501"
"YBR109C"," 30722.774"," 30722.774"," 30722.774"," 30722.774"," 30722.774"," 30722.774"," 30722.774"," 30722.774"," 30722.774"," 30722.774"," 30722.774"," 30722.774"," 30722.774"," 30722.774"," 30722.774"," 30722.774"," 30722.774"," 30722.774"," 30722.774"," 30722.774"," 30722.774"," 30722.774"
"YBR143C","112295.091","112295.091","112295.091","112295.091","112295.091","112295.091","112295.091","112295.091","112295.091","112295.091","112295.091","112295.091","112295.091","112295.091","112295.091","112295.091","112295.091","112295.091","112295.091","112295.091","112295.091","112295.091"
"YBR154C"," 15824.727"," 15824.727"," 15824.727"," 15824.727"," 15824.727"," 15824.727"," 15824.727"," 15824.727"," 15824.727"," 15824.727"," 15824.727"," 15824.727"," 15824.727"," 15824.727"," 15824.727"," 15824.727"," 15824.727"," 15824.727"," 15824.727"," 15824.727"," 15824.727"," 15824.727"
"YBR160W"," 12946.840"," 12946.840"," 12946.840"," 12946.840"," 12946.840"," 12946.840"," 12946.840"," 12946.840"," 12946.840"," 12946.840"," 12946.840"," 12946.840"," 12946.840"," 12946.840"," 12946.840"," 12946.840"," 12946.840"," 12946.840"," 12946.840"," 12946.840"," 12946.840"," 12946.840"
"YBR164C"," 22376.185"," 22376.185"," 22376.185"," 22376.185"," 22376.185"," 22376.185"," 22376.185"," 22376.185"," 22376.185"," 22376.185"," 22376.185"," 22376.185"," 22376.185"," 22376.185"," 22376.185"," 22376.185"," 22376.185"," 22376.185"," 22376.185"," 22376.185"," 22376.185"," 22376.185"
"YBR191W"," 10013.185"," 10013.185"," 10013.185"," 10013.185"," 10013.185"," 10013.185"," 10013.185"," 10013.185"," 10013.185"," 10013.185"," 10013.185"," 10013.185"," 10013.185"," 10013.185"," 10013.185"," 10013.185"," 10013.185"," 10013.185"," 10013.185"," 10013.185"," 10013.185"," 10013.185"
"YCL018W"," 86909.276"," 86909.276"," 86909.276"," 86909.276"," 86909.276"," 86909.276"," 86909.276"," 86909.276"," 86909.276"," 86909.276"," 86909.276"," 86909.276"," 86909.276"," 86909.276"," 86909.276"," 86909.276"," 86909.276"," 86909.276"," 86909.276"," 86909.276"," 86909.276"," 86909.276"
"YCL035C"," 21490.458"," 21490.458"," 21490.458"," 21490.458"," 21490.458"," 21490.458"," 21490.458"," 21490.458"," 21490.458"," 21490.458"," 21490.458"," 21490.458"," 21490.458"," 21490.458"," 21490.458"," 21490.458"," 21490.458"," 21490.458"," 21490.458"," 21490.458"," 21490.458"," 21490.458"
"YDL022W"," 81051.090"," 81051.090"," 81051.090"," 81051.090"," 81051.090"," 81051.090"," 81051.090"," 81051.090"," 81051.090"," 81051.090"," 81051.090"," 81051.090"," 81051.090"," 81051.090"," 81051.090"," 81051.090"," 81051.090"," 81051.090"," 81051.090"," 81051.090"," 81051.090"," 81051.090"
"YDL029W"," 60665.473"," 60665.473"," 60665.473"," 60665.473"," 60665.473"," 60665.473"," 60665.473"," 60665.473"," 60665.473"," 60665.473"," 60665.473"," 60665.473"," 60665.473"," 60665.473"," 60665.473"," 60665.473"," 60665.473"," 60665.473"," 60665.473"," 60665.473"," 60665.473"," 60665.473"
"YDL047W","  7612.479","  7612.479","  7612.479","  7612.479","  7612.479","  7612.479","  7612.479","  7612.479","  7612.479","  7612.479","  7612.479","  7612.479","  7612.479","  7612.479","  7612.479","  7612.479","  7612.479","  7612.479","  7612.479","  7612.479","  7612.479","  7612.479"
"YDL055C","123221.650","123221.650","123221.650","123221.650","123221.650","123221.650","123221.650","123221.650","123221.650","123221.650","123221.650","123221.650","123221.650","123221.650","123221.650","123221.650","123221.650","123221.650","123221.650","123221.650","123221.650","123221.650"
"YDL081C","  9725.490","  9725.490","  9725.490","  9725.490","  9725.490","  9725.490","  9725.490","  9725.490","  9725.490","  9725.490","  9725.490","  9725.490","  9725.490","  9725.490","  9725.490","  9725.490","  9725.490","  9725.490","  9725.490","  9725.490","  9725.490","  9725.490"
"YDL110C","  7511.093","  7511.093","  7511.093","  7511.093","  7511.093","  7511.093","  7511.093","  7511.093","  7511.093","  7511.093","  7511.093","  7511.093","  7511.093","  7511.093","  7511.093","  7511.093","  7511.093","  7511.093","  7511.093","  7511.093","  7511.093","  7511.093"
"YDL130W"," 16326.020"," 16326.020"," 16326.020"," 16326.020"," 16326.020"," 16326.020"," 16326.020"," 16326.020"," 16326.020"," 16326.020"," 16326.020"," 16326.020"," 16326.020"," 16326.020"," 16326.020"," 16326.020"," 16326.020"," 16326.020"," 16326.020"," 16326.020"," 16326.020"," 16326.020"
"YDL131W"," 16082.630"," 16082.630"," 16082.630"," 16082.630"," 16082.630"," 16082.630"," 16082.630"," 16082.630"," 16082.630"," 16082.630"," 16082.630"," 16082.630"," 16082.630"," 16082.630"," 16082.630"," 16082.630"," 16082.630"," 16082.630"," 16082.630"," 16082.630"," 16082.630"," 16082.630"
"YDL137W"," 24376.837"," 24376.837"," 24376.837"," 24376.837"," 24376.837"," 24376.837"," 24376.837"," 24376.837"," 24376.837"," 24376.837"," 24376.837"," 24376.837"," 24376.837"," 24376.837"," 24376.837"," 24376.837"," 24376.837"," 24376.837"," 24376.837"," 24376.837"," 24376.837"," 24376.837"
"YDL181W","  7122.727","  7122.727","  7122.727","  7122.727","  7122.727","  7122.727","  7122.727","  7122.727","  7122.727","  7122.727","  7122.727","  7122.727","  7122.727","  7122.727","  7122.727","  7122.727","  7122.727","  7122.727","  7122.727","  7122.727","  7122.727","  7122.727"
"YDL192W"," 23858.124"," 23858.124"," 23858.124"," 23858.124"," 23858.124"," 23858.124"," 23858.124"," 23858.124"," 23858.124"," 23858.124"," 23858.124"," 23858.124"," 23858.124"," 23858.124"," 23858.124"," 23858.124"," 23858.124"," 23858.124"," 23858.124"," 23858.124"," 23858.124"," 23858.124"
"YDL229W"," 15981.078"," 15981.078"," 15981.078"," 15981.078"," 15981.078"," 15981.078"," 15981.078"," 15981.078"," 15981.078"," 15981.078"," 15981.078"," 15981.078"," 15981.078"," 15981.078"," 15981.078"," 15981.078"," 15981.078"," 15981.078"," 15981.078"," 15981.078"," 15981.078"," 15981.078"
"YDR050C"," 76472.163"," 76472.163"," 76472.163"," 76472.163"," 76472.163"," 76472.163"," 76472.163"," 76472.163"," 76472.163"," 76472.163"," 76472.163"," 76472.163"," 76472.163"," 76472.163"," 76472.163"," 76472.163"," 76472.163"," 76472.163"," 76472.163"," 76472.163"," 76472.163"," 76472.163"
"YDR051C"," 13692.027"," 13692.027"," 13692.027"," 13692.027"," 13692.027"," 13692.027"," 13692.027"," 13692.027"," 13692.027"," 13692.027"," 13692.027"," 13692.027"," 13692.027"," 13692.027"," 13692.027"," 13692.027"," 13692.027"," 13692.027"," 13692.027"," 13692.027"," 13692.027"," 13692.027"
"YDR064W","113674.373","113674.373","113674.373","113674.373","113674.373","113674.373","113674.373","113674.373","113674.373","113674.373","113674.373","113674.373","113674.373","113674.373","113674.373","113674.373","113674.373","113674.373","113674.373","113674.373","113674.373","113674.373"
"YDR071C"," 37455.476"," 37455.476"," 37455.476"," 37455.476"," 37455.476"," 37455.476"," 37455.476"," 37455.476"," 37455.476"," 37455.476"," 37455.476"," 37455.476"," 37455.476"," 37455.476"," 37455.476"," 37455.476"," 37455.476"," 37455.476"," 37455.476"," 37455.476"," 37455.476"," 37455.476"
"YDR086C","  9180.524","  9180.524","  9180.524","  9180.524","  9180.524","  9180.524","  9180.524","  9180.524","  9180.524","  9180.524","  9180.524","  9180.524","  9180.524","  9180.524","  9180.524","  9180.524","  9180.524","  9180.524","  9180.524","  9180.524","  9180.524","  9180.524"
"YDR091C"," 81259.409"," 81259.409"," 81259.409"," 81259.409"," 81259.409"," 81259.409"," 81259.409"," 81259.409"," 81259.409"," 81259.409"," 81259.409"," 81259.409"," 81259.409"," 81259.409"," 81259.409"," 81259.409"," 81259.409"," 81259.409"," 81259.409"," 81259.409"," 81259.409"," 81259.409"
"YDR099W","  7301.558","  7301.558","  7301.558","  7301.558","  7301.558","  7301.558","  7301.558","  7301.558","  7301.558","  7301.558","  7301.558","  7301.558","  7301.558","  7301.558","  7301.558","  7301.558","  7301.558","  7301.558","  7301.558","  7301.558","  7301.558","  7301.558"
"YDR119W-A","  7246.965","  7246.965","  7246.965","  7246.965","  7246.965","  7246.965","  7246.965","  7246.965","  7246.965","  7246.965","  7246.965","  7246.965","  7246.965","  7246.965","  7246.965","  7246.965","  7246.965","  7246.965","  7246.965","  7246.965","  7246.965","  7246.965"
"YDR155C"," 34265.033"," 34265.033"," 34265.033"," 34265.033"," 34265.033"," 34265.033"," 34265.033"," 34265.033"," 34265.033"," 34265.033"," 34265.033"," 34265.033"," 34265.033"," 34265.033"," 34265.033"," 34265.033"," 34265.033"," 34265.033"," 34265.033"," 34265.033"," 34265.033"," 34265.033"
"YDR158W"," 23879.134"," 23879.134"," 23879.134"," 23879.134"," 23879.134"," 23879.134"," 23879.134"," 23879.134"," 23879.134"," 23879.134"," 23879.134"," 23879.134"," 23879.134"," 23879.134"," 23879.134"," 23879.134"," 23879.134"," 23879.134"," 23879.134"," 23879.134"," 23879.134"," 23879.134"
"YDR224C","  5862.236","  5862.236","  5862.236","  5862.236","  5862.236","  5862.236","  5862.236","  5862.236","  5862.236","  5862.236","  5862.236","  5862.236","  5862.236","  5862.236","  5862.236","  5862.236","  5862.236","  5862.236","  5862.236","  5862.236","  5862.236","  5862.236"
"YDR298C"," 76417.510"," 76417.510"," 76417.510"," 76417.510"," 76417.510"," 76417.510"," 76417.510"," 76417.510"," 76417.510"," 76417.510"," 76417.510"," 76417.510"," 76417.510"," 76417.510"," 76417.510"," 76417.510"," 76417.510"," 76417.510"," 76417.510"," 76417.510"," 76417.510"," 76417.510"
"YDR304C"," 22591.845"," 22591.845"," 22591.845"," 22591.845"," 22591.845"," 22591.845"," 22591.845"," 22591.845"," 22591.845"," 22591.845"," 22591.845"," 22591.845"," 22591.845"," 22591.845"," 22591.845"," 22591.845"," 22591.845"," 22591.845"," 22591.845"," 22591.845"," 22591.845"," 22591.845"
"YDR377W"," 15094.838"," 15094.838"," 15094.838"," 15094.838"," 15094.838"," 15094.838"," 15094.838"," 15094.838"," 15094.838"," 15094.838"," 15094.838"," 15094.838"," 15094.838"," 15094.838"," 15094.838"," 15094.838"," 15094.838"," 15094.838"," 15094.838"," 15094.838"," 15094.838"," 15094.838"
"YDR404C"," 16427.941"," 16427.941"," 16427.941"," 16427.941"," 16427.941"," 16427.941"," 16427.941"," 16427.941"," 16427.941"," 16427.941"," 16427.941"," 16427.941"," 16427.941"," 16427.941"," 16427.941"," 16427.941"," 16427.941"," 16427.941"," 16427.941"," 16427.941"," 16427.941"," 16427.941"
"YDR441C","  5881.856","  5881.856","  5881.856","  5881.856","  5881.856","  5881.856","  5881.856","  5881.856","  5881.856","  5881.856","  5881.856","  5881.856","  5881.856","  5881.856","  5881.856","  5881.856","  5881.856","  5881.856","  5881.856","  5881.856","  5881.856","  5881.856"
"YDR454C"," 29293.277"," 29293.277"," 29293.277"," 29293.277"," 29293.277"," 29293.277"," 29293.277"," 29293.277"," 29293.277"," 29293.277"," 29293.277"," 29293.277"," 29293.277"," 29293.277"," 29293.277"," 29293.277"," 29293.277"," 29293.277"," 29293.277"," 29293.277"," 29293.277"," 29293.277"
"YDR510W"," 15063.186"," 15063.186"," 15063.186"," 15063.186"," 15063.186"," 15063.186"," 15063.186"," 15063.186"," 15063.186"," 15063.186"," 15063.186"," 15063.186"," 15063.186"," 15063.186"," 15063.186"," 15063.186"," 15063.186"," 15063.186"," 15063.186"," 15063.186"," 15063.186"," 15063.186"
"YDR513W","  8434.026","  8434.026","  8434.026","  8434.026","  8434.026","  8434.026","  8434.026","  8434.026","  8434.026","  8434.026","  8434.026","  8434.026","  8434.026","  8434.026","  8434.026","  8434.026","  8434.026","  8434.026","  8434.026","  8434.026","  8434.026","  8434.026"
"YDR529C"," 55835.968"," 55835.968"," 55835.968"," 55835.968"," 55835.968"," 55835.968"," 55835.968"," 55835.968"," 55835.968"," 55835.968"," 55835.968"," 55835.968"," 55835.968"," 55835.968"," 55835.968"," 55835.968"," 55835.968"," 55835.968"," 55835.968"," 55835.968"," 55835.968"," 55835.968"
"YEL026W"," 24862.170"," 24862.170"," 24862.170"," 24862.170"," 24862.170"," 24862.170"," 24862.170"," 24862.170"," 24862.170"," 24862.170"," 24862.170"," 24862.170"," 24862.170"," 24862.170"," 24862.170"," 24862.170"," 24862.170"," 24862.170"," 24862.170"," 24862.170"," 24862.170"," 24862.170"
"YEL027W","  8534.565","  8534.565","  8534.565","  8534.565","  8534.565","  8534.565","  8534.565","  8534.565","  8534.565","  8534.565","  8534.565","  8534.565","  8534.565","  8534.565","  8534.565","  8534.565","  8534.565","  8534.565","  8534.565","  8534.565","  8534.565","  8534.565"
"YEL042W"," 29038.625"," 29038.625"," 29038.625"," 29038.625"," 29038.625"," 29038.625"," 29038.625"," 29038.625"," 29038.625"," 29038.625"," 29038.625"," 29038.625"," 29038.625"," 29038.625"," 29038.625"," 29038.625"," 29038.625"," 29038.625"," 29038.625"," 29038.625"," 29038.625"," 29038.625"
"YER012W"," 22630.566"," 22630.566"," 22630.566"," 22630.566"," 22630.566"," 22630.566"," 22630.566"," 22630.566"," 22630.566"," 22630.566"," 22630.566"," 22630.566"," 22630.566"," 22630.566"," 22630.566"," 22630.566"," 22630.566"," 22630.566"," 22630.566"," 22630.566"," 22630.566"," 22630.566"
"YER025W"," 91384.775"," 91384.775"," 91384.775"," 91384.775"," 91384.775"," 91384.775"," 91384.775"," 91384.775"," 91384.775"," 91384.775"," 91384.775"," 91384.775"," 91384.775"," 91384.775"," 91384.775"," 91384.775"," 91384.775"," 91384.775"," 91384.775"," 91384.775"," 91384.775"," 91384.775"
"YER036C","132773.814","132773.814","132773.814","132773.814","132773.814","132773.814","132773.814","132773.814","132773.814","132773.814","132773.814","132773.814","132773.814","132773.814","132773.814","132773.814","132773.814","132773.814","132773.814","132773.814","132773.814","132773.814"
"YER043C","118500.539","118500.539","118500.539","118500.539","118500.539","118500.539","118500.539","118500.539","118500.539","118500.539","118500.539","118500.539","118500.539","118500.539","118500.539","118500.539","118500.539","118500.539","118500.539","118500.539","118500.539","118500.539"
"YER126C","  7721.777","  7721.777","  7721.777","  7721.777","  7721.777","  7721.777","  7721.777","  7721.777","  7721.777","  7721.777","  7721.777","  7721.777","  7721.777","  7721.777","  7721.777","  7721.777","  7721.777","  7721.777","  7721.777","  7721.777","  7721.777","  7721.777"
"YER178W","125675.437","125675.437","125675.437","125675.437","125675.437","125675.437","125675.437","125675.437","125675.437","125675.437","125675.437","125675.437","125675.437","125675.437","125675.437","125675.437","125675.437","125675.437","125675.437","125675.437","125675.437","125675.437"
"YFL039C","160151.868","160151.868","160151.868","160151.868","160151.868","160151.868","160151.868","160151.868","160151.868","160151.868","160151.868","160151.868","160151.868","160151.868","160151.868","160151.868","160151.868","160151.868","160151.868","160151.868","160151.868","160151.868"
"YFR004W"," 22537.339"," 22537.339"," 22537.339"," 22537.339"," 22537.339"," 22537.339"," 22537.339"," 22537.339"," 22537.339"," 22537.339"," 22537.339"," 22537.339"," 22537.339"," 22537.339"," 22537.339"," 22537.339"," 22537.339"," 22537.339"," 22537.339"," 22537.339"," 22537.339"," 22537.339"
"YFR011C","  7246.742","  7246.742","  7246.742","  7246.742","  7246.742","  7246.742","  7246.742","  7246.742","  7246.742","  7246.742","  7246.742","  7246.742","  7246.742","  7246.742","  7246.742","  7246.742","  7246.742","  7246.742","  7246.742","  7246.742","  7246.742","  7246.742"
"YGL001C"," 41280.019"," 41280.019"," 41280.019"," 41280.019"," 41280.019"," 41280.019"," 41280.019"," 41280.019"," 41280.019"," 41280.019"," 41280.019"," 41280.019"," 41280.019"," 41280.019"," 41280.019"," 41280.019"," 41280.019"," 41280.019"," 41280.019"," 41280.019"," 41280.019"," 41280.019"
"YGL054C","  8920.464","  8920.464","  8920.464","  8920.464","  8920.464","  8920.464","  8920.464","  8920.464","  8920.464","  8920.464","  8920.464","  8920.464","  8920.464","  8920.464","  8920.464","  8920.464","  8920.464","  8920.464","  8920.464","  8920.464","  8920.464","  8920.464"
"YGL068W","  8141.845","  8141.845","  8141.845","  8141.845","  8141.845","  8141.845","  8141.845","  8141.845","  8141.845","  8141.845","  8141.845","  8141.845","  8141.845","  8141.845","  8141.845","  8141.845","  8141.845","  8141.845","  8141.845","  8141.845","  8141.845","  8141.845"
"YGL070C","  7415.665","  7415.665","  7415.665","  7415.665","  7415.665","  7415.665","  7415.665","  7415.665","  7415.665","  7415.665","  7415.665","  7415.665","  7415.665","  7415.665","  7415.665","  7415.665","  7415.665","  7415.665","  7415.665","  7415.665","  7415.665","  7415.665"
"YGL080W","  6964.989","  6964.989","  6964.989","  6964.989","  6964.989","  6964.989","  6964.989","  6964.989","  6964.989","  6964.989","  6964.989","  6964.989","  6964.989","  6964.989","  6964.989","  6964.989","  6964.989","  6964.989","  6964.989","  6964.989","  6964.989","  6964.989"
"YGL087C","  7872.869","  7872.869","  7872.869","  7872.869","  7872.869","  7872.869","  7872.869","  7872.869","  7872.869","  7872.869","  7872.869","  7872.869","  7872.869","  7872.869","  7872.869","  7872.869","  7872.869","  7872.869","  7872.869","  7872.869","  7872.869","  7872.869"
"YGL123W","143508.476","143508.476","143508.476","143508.476","143508.476","143508.476","143508.476","143508.476","143508.476","143508.476","143508.476","143508.476","143508.476","143508.476","143508.476","143508.476","143508.476","143508.476","143508.476","143508.476","143508.476","143508.476"
"YGL187C"," 65634.902"," 65634.902"," 65634.902"," 65634.902"," 65634.902"," 65634.902"," 65634.902"," 65634.902"," 65634.902"," 65634.902"," 65634.902"," 65634.902"," 65634.902"," 65634.902"," 65634.902"," 65634.902"," 65634.902"," 65634.902"," 65634.902"," 65634.902"," 65634.902"," 65634.902"
"YGL191W"," 42283.238"," 42283.238"," 42283.238"," 42283.238"," 42283.238"," 42283.238"," 42283.238"," 42283.238"," 42283.238"," 42283.238"," 42283.238"," 42283.238"," 42283.238"," 42283.238"," 42283.238"," 42283.238"," 42283.238"," 42283.238"," 42283.238"," 42283.238"," 42283.238"," 42283.238"
"YGR020C"," 15946.318"," 15946.318"," 15946.318"," 15946.318"," 15946.318"," 15946.318"," 15946.318"," 15946.318"," 15946.318"," 15946.318"," 15946.318"," 15946.318"," 15946.318"," 15946.318"," 15946.318"," 15946.318"," 15946.318"," 15946.318"," 15946.318"," 15946.318"," 15946.318"," 15946.318"
"YGR037C"," 15561.292"," 15561.292"," 15561.292"," 15561.292"," 15561.292"," 15561.292"," 15561.292"," 15561.292"," 15561.292"," 15561.292"," 15561.292"," 15561.292"," 15561.292"," 15561.292"," 15561.292"," 15561.292"," 15561.292"," 15561.292"," 15561.292"," 15561.292"," 15561.292"," 15561.292"
"YGR082W"," 16776.747"," 16776.747"," 16776.747"," 16776.747"," 16776.747"," 16776.747"," 16776.747"," 16776.747"," 16776.747"," 16776.747"," 16776.747"," 16776.747"," 16776.747"," 16776.747"," 16776.747"," 16776.747"," 16776.747"," 16776.747"," 16776.747"," 16776.747"," 16776.747"," 16776.747"
"YGR132C"," 69856.635"," 69856.635"," 69856.635"," 69856.635"," 69856.635"," 69856.635"," 69856.635"," 69856.635"," 69856.635"," 69856.635"," 69856.635"," 69856.635"," 69856.635"," 69856.635"," 69856.635"," 69856.635"," 69856.635"," 69856.635"," 69856.635"," 69856.635"," 69856.635"," 69856.635"
"YGR215W"," 13925.681"," 13925.681"," 13925.681"," 13925.681"," 13925.681"," 13925.681"," 13925.681"," 13925.681"," 13925.681"," 13925.681"," 13925.681"," 13925.681"," 13925.681"," 13925.681"," 13925.681"," 13925.681"," 13925.681"," 13925.681"," 13925.681"," 13925.681"," 13925.681"," 13925.681"
"YGR267C"," 15262.951"," 15262.951"," 15262.951"," 15262.951"," 15262.951"," 15262.951"," 15262.951"," 15262.951"," 15262.951"," 15262.951"," 15262.951"," 15262.951"," 15262.951"," 15262.951"," 15262.951"," 15262.951"," 15262.951"," 15262.951"," 15262.951"," 15262.951"," 15262.951"," 15262.951"
"YGR282C"," 33264.972"," 33264.972"," 33264.972"," 33264.972"," 33264.972"," 33264.972"," 33264.972"," 33264.972"," 33264.972"," 33264.972"," 33264.972"," 33264.972"," 33264.972"," 33264.972"," 33264.972"," 33264.972"," 33264.972"," 33264.972"," 33264.972"," 33264.972"," 33264.972"," 33264.972"
"YHL015W"," 92123.344"," 92123.344"," 92123.344"," 92123.344"," 92123.344"," 92123.344"," 92123.344"," 92123.344"," 92123.344"," 92123.344"," 92123.344"," 92123.344"," 92123.344"," 92123.344"," 92123.344"," 92123.344"," 92123.344"," 92123.344"," 92123.344"," 92123.344"," 92123.344"," 92123.344"
"YHR018C"," 47207.383"," 47207.383"," 47207.383"," 47207.383"," 47207.383"," 47207.383"," 47207.383"," 47207.383"," 47207.383"," 47207.383"," 47207.383"," 47207.383"," 47207.383"," 47207.383"," 47207.383"," 47207.383"," 47207.383"," 47207.383"," 47207.383"," 47207.383"," 47207.383"," 47207.383"
"YHR030C"," 13356.018"," 13356.018"," 13356.018"," 13356.018"," 13356.018"," 13356.018"," 13356.018"," 13356.018"," 13356.018"," 13356.018"," 13356.018"," 13356.018"," 13356.018"," 13356.018"," 13356.018"," 13356.018"," 13356.018"," 13356.018"," 13356.018"," 13356.018"," 13356.018"," 13356.018"
"YHR072W-A","  9820.651","  9820.651","  9820.651","  9820.651","  9820.651","  9820.651","  9820.651","  9820.651","  9820.651","  9820.651","  9820.651","  9820.651","  9820.651","  9820.651","  9820.651","  9820.651","  9820.651","  9820.651","  9820.651","  9820.651","  9820.651","  9820.651"
"YHR088W","  7191.996","  7191.996","  7191.996","  7191.996","  7191.996","  7191.996","  7191.996","  7191.996","  7191.996","  7191.996","  7191.996","  7191.996","  7191.996","  7191.996","  7191.996","  7191.996","  7191.996","  7191.996","  7191.996","  7191.996","  7191.996","  7191.996"
"YHR128W"," 14205.028"," 14205.028"," 14205.028"," 14205.028"," 14205.028"," 14205.028"," 14205.028"," 14205.028"," 14205.028"," 14205.028"," 14205.028"," 14205.028"," 14205.028"," 14205.028"," 14205.028"," 14205.028"," 14205.028"," 14205.028"," 14205.028"," 14205.028"," 14205.028"," 14205.028"
"YIL053W"," 33240.231"," 33240.231"," 33240.231"," 33240.231"," 33240.231"," 33240.231"," 33240.231"," 33240.231"," 33240.231"," 33240.231"," 33240.231"," 33240.231"," 33240.231"," 33240.231"," 33240.231"," 33240.231"," 33240.231"," 33240.231"," 33240.231"," 33240.231"," 33240.231"," 33240.231"
"YIL065C"," 14695.837"," 14695.837"," 14695.837"," 14695.837"," 14695.837"," 14695.837"," 14695.837"," 14695.837"," 14695.837"," 14695.837"," 14695.837"," 14695.837"," 14695.837"," 14695.837"," 14695.837"," 14695.837"," 14695.837"," 14695.837"," 14695.837"," 14695.837"," 14695.837"," 14695.837"
"YIL094C"," 82037.799"," 82037.799"," 82037.799"," 82037.799"," 82037.799"," 82037.799"," 82037.799"," 82037.799"," 82037.799"," 82037.799"," 82037.799"," 82037.799"," 82037.799"," 82037.799"," 82037.799"," 82037.799"," 82037.799"," 82037.799"," 82037.799"," 82037.799"," 82037.799"," 82037.799"
"YIL118W"," 31623.994"," 31623.994"," 31623.994"," 31623.994"," 31623.994"," 31623.994"," 31623.994"," 31623.994"," 31623.994"," 31623.994"," 31623.994"," 31623.994"," 31623.994"," 31623.994"," 31623.994"," 31623.994"," 31623.994"," 31623.994"," 31623.994"," 31623.994"," 31623.994"," 31623.994"
"YIL156W-B","  6201.756","  6201.756","  6201.756","  6201.756","  6201.756","  6201.756","  6201.756","  6201.756","  6201.756","  6201.756","  6201.756","  6201.756","  6201.756","  6201.756","  6201.756","  6201.756","  6201.756","  6201.756","  6201.756","  6201.756","  6201.756","  6201.756"
"YIR037W","  7200.699","  7200.699","  7200.699","  7200.699","  7200.699","  7200.699","  7200.699","  7200.699","  7200.699","  7200.699","  7200.699","  7200.699","  7200.699","  7200.699","  7200.699","  7200.699","  7200.699","  7200.699","  7200.699","  7200.699","  7200.699","  7200.699"
"YJL136C"," 17657.145"," 17657.145"," 17657.145"," 17657.145"," 17657.145"," 17657.145"," 17657.145"," 17657.145"," 17657.145"," 17657.145"," 17657.145"," 17657.145"," 17657.145"," 17657.145"," 17657.145"," 17657.145"," 17657.145"," 17657.145"," 17657.145"," 17657.145"," 17657.145"," 17657.145"
"YJR007W"," 39399.717"," 39399.717"," 39399.717"," 39399.717"," 39399.717"," 39399.717"," 39399.717"," 39399.717"," 39399.717"," 39399.717"," 39399.717"," 39399.717"," 39399.717"," 39399.717"," 39399.717"," 39399.717"," 39399.717"," 39399.717"," 39399.717"," 39399.717"," 39399.717"," 39399.717"
"YJR009C"," 47416.117"," 47416.117"," 47416.117"," 47416.117"," 47416.117"," 47416.117"," 47416.117"," 47416.117"," 47416.117"," 47416.117"," 47416.117"," 47416.117"," 47416.117"," 47416.117"," 47416.117"," 47416.117"," 47416.117"," 47416.117"," 47416.117"," 47416.117"," 47416.117"," 47416.117"
"YJR104C","  7090.332","  7090.332","  7090.332","  7090.332","  7090.332","  7090.332","  7090.332","  7090.332","  7090.332","  7090.332","  7090.332","  7090.332","  7090.332","  7090.332","  7090.332","  7090.332","  7090.332","  7090.332","  7090.332","  7090.332","  7090.332","  7090.332"
"YJR123W","115372.456","115372.456","115372.456","115372.456","115372.456","115372.456","115372.456","115372.456","115372.456","115372.456","115372.456","115372.456","115372.456","115372.456","115372.456","115372.456","115372.456","115372.456","115372.456","115372.456","115372.456","115372.456"
"YKL001C"," 40679.337"," 40679.337"," 40679.337"," 40679.337"," 40679.337"," 40679.337"," 40679.337"," 40679.337"," 40679.337"," 40679.337"," 40679.337"," 40679.337"," 40679.337"," 40679.337"," 40679.337"," 40679.337"," 40679.337"," 40679.337"," 40679.337"," 40679.337"," 40679.337"," 40679.337"
"YKL013C"," 32563.607"," 32563.607"," 32563.607"," 32563.607"," 32563.607"," 32563.607"," 32563.607"," 32563.607"," 32563.607"," 32563.607"," 32563.607"," 32563.607"," 32563.607"," 32563.607"," 32563.607"," 32563.607"," 32563.607"," 32563.607"," 32563.607"," 32563.607"," 32563.607"," 32563.607"
"YKL016C"," 73582.149"," 73582.149"," 73582.149"," 73582.149"," 73582.149"," 73582.149"," 73582.149"," 73582.149"," 73582.149"," 73582.149"," 73582.149"," 73582.149"," 73582.149"," 73582.149"," 73582.149"," 73582.149"," 73582.149"," 73582.149"," 73582.149"," 73582.149"," 73582.149"," 73582.149"
"YKL080W"," 79795.581"," 79795.581"," 79795.581"," 79795.581"," 79795.581"," 79795.581"," 79795.581"," 79795.581"," 79795.581"," 79795.581"," 79795.581"," 79795.581"," 79795.581"," 79795.581"," 79795.581"," 79795.581"," 79795.581"," 79795.581"," 79795.581"," 79795.581"," 79795.581"," 79795.581"
"YKL120W"," 22215.412"," 22215.412"," 22215.412"," 22215.412"," 22215.412"," 22215.412"," 22215.412"," 22215.412"," 22215.412"," 22215.412"," 22215.412"," 22215.412"," 22215.412"," 22215.412"," 22215.412"," 22215.412"," 22215.412"," 22215.412"," 22215.412"," 22215.412"," 22215.412"," 22215.412"
"YKL145W"," 36508.004"," 36508.004"," 36508.004"," 36508.004"," 36508.004"," 36508.004"," 36508.004"," 36508.004"," 36508.004"," 36508.004"," 36508.004"," 36508.004"," 36508.004"," 36508.004"," 36508.004"," 36508.004"," 36508.004"," 36508.004"," 36508.004"," 36508.004"," 36508.004"," 36508.004"
"YKL152C","104001.898","104001.898","104001.898","104001.898","104001.898","104001.898","104001.898","104001.898","104001.898","104001.898","104001.898","104001.898","104001.898","104001.898","104001.898","104001.898","104001.898","104001.898","104001.898","104001.898","104001.898","104001.898"
"YKL186C","  7391.131","  7391.131","  7391.131","  7391.131","  7391.131","  7391.131","  7391.131","  7391.131","  7391.131","  7391.131","  7391.131","  7391.131","  7391.131","  7391.131","  7391.131","  7391.131","  7391.131","  7391.131","  7391.131","  7391.131","  7391.131","  7391.131"
"YKL190W"," 13592.432"," 13592.432"," 13592.432"," 13592.432"," 13592.432"," 13592.432"," 13592.432"," 13592.432"," 13592.432"," 13592.432"," 13592.432"," 13592.432"," 13592.432"," 13592.432"," 13592.432"," 13592.432"," 13592.432"," 13592.432"," 13592.432"," 13592.432"," 13592.432"," 13592.432"
"YKR014C"," 36304.475"," 36304.475"," 36304.475"," 36304.475"," 36304.475"," 36304.475"," 36304.475"," 36304.475"," 36304.475"," 36304.475"," 36304.475"," 36304.475"," 36304.475"," 36304.475"," 36304.475"," 36304.475"," 36304.475"," 36304.475"," 36304.475"," 36304.475"," 36304.475"," 36304.475"
"YKR035W-A","  7623.538","  7623.538","  7623.538","  7623.538","  7623.538","  7623.538","  7623.538","  7623.538","  7623.538","  7623.538","  7623.538","  7623.538","  7623.538","  7623.538","  7623.538","  7623.538","  7623.538","  7623.538","  7623.538","  7623.538","  7623.538","  7623.538"
"YKR046C"," 34088.927"," 34088.927"," 34088.927"," 34088.927"," 34088.927"," 34088.927"," 34088.927"," 34088.927"," 34088.927"," 34088.927"," 34088.927"," 34088.927"," 34088.927"," 34088.927"," 34088.927"," 34088.927"," 34088.927"," 34088.927"," 34088.927"," 34088.927"," 34088.927"," 34088.927"
"YKR049C","  7086.293","  7086.293","  7086.293","  7086.293","  7086.293","  7086.293","  7086.293","  7086.293","  7086.293","  7086.293","  7086.293","  7086.293","  7086.293","  7086.293","  7086.293","  7086.293","  7086.293","  7086.293","  7086.293","  7086.293","  7086.293","  7086.293"
"YLL050C"," 48492.586"," 48492.586"," 48492.586"," 48492.586"," 48492.586"," 48492.586"," 48492.586"," 48492.586"," 48492.586"," 48492.586"," 48492.586"," 48492.586"," 48492.586"," 48492.586"," 48492.586"," 48492.586"," 48492.586"," 48492.586"," 48492.586"," 48492.586"," 48492.586"," 48492.586"
"YLR025W","  8730.481","  8730.481","  8730.481","  8730.481","  8730.481","  8730.481","  8730.481","  8730.481","  8730.481","  8730.481","  8730.481","  8730.481","  8730.481","  8730.481","  8730.481","  8730.481","  8730.481","  8730.481","  8730.481","  8730.481","  8730.481","  8730.481"
"YLR038C"," 23903.330"," 23903.330"," 23903.330"," 23903.330"," 23903.330"," 23903.330"," 23903.330"," 23903.330"," 23903.330"," 23903.330"," 23903.330"," 23903.330"," 23903.330"," 23903.330"," 23903.330"," 23903.330"," 23903.330"," 23903.330"," 23903.330"," 23903.330"," 23903.330"," 23903.330"
"YLR048W"," 17618.846"," 17618.846"," 17618.846"," 17618.846"," 17618.846"," 17618.846"," 17618.846"," 17618.846"," 17618.846"," 17618.846"," 17618.846"," 17618.846"," 17618.846"," 17618.846"," 17618.846"," 17618.846"," 17618.846"," 17618.846"," 17618.846"," 17618.846"," 17618.846"," 17618.846"
"YLR061W"," 26679.230"," 26679.230"," 26679.230"," 26679.230"," 26679.230"," 26679.230"," 26679.230"," 26679.230"," 26679.230"," 26679.230"," 26679.230"," 26679.230"," 26679.230"," 26679.230"," 26679.230"," 26679.230"," 26679.230"," 26679.230"," 26679.230"," 26679.230"," 26679.230"," 26679.230"
"YLR109W"," 45113.082"," 45113.082"," 45113.082"," 45113.082"," 45113.082"," 45113.082"," 45113.082"," 45113.082"," 45113.082"," 45113.082"," 45113.082"," 45113.082"," 45113.082"," 45113.082"," 45113.082"," 45113.082"," 45113.082"," 45113.082"," 45113.082"," 45113.082"," 45113.082"," 45113.082"
"YLR147C","  7470.391","  7470.391","  7470.391","  7470.391","  7470.391","  7470.391","  7470.391","  7470.391","  7470.391","  7470.391","  7470.391","  7470.391","  7470.391","  7470.391","  7470.391","  7470.391","  7470.391","  7470.391","  7470.391","  7470.391","  7470.391","  7470.391"
"YLR167W"," 17908.141"," 17908.141"," 17908.141"," 17908.141"," 17908.141"," 17908.141"," 17908.141"," 17908.141"," 17908.141"," 17908.141"," 17908.141"," 17908.141"," 17908.141"," 17908.141"," 17908.141"," 17908.141"," 17908.141"," 17908.141"," 17908.141"," 17908.141"," 17908.141"," 17908.141"
"YLR185W","  9283.826","  9283.826","  9283.826","  9283.826","  9283.826","  9283.826","  9283.826","  9283.826","  9283.826","  9283.826","  9283.826","  9283.826","  9283.826","  9283.826","  9283.826","  9283.826","  9283.826","  9283.826","  9283.826","  9283.826","  9283.826","  9283.826"
"YLR208W"," 23404.403"," 23404.403"," 23404.403"," 23404.403"," 23404.403"," 23404.403"," 23404.403"," 23404.403"," 23404.403"," 23404.403"," 23404.403"," 23404.403"," 23404.403"," 23404.403"," 23404.403"," 23404.403"," 23404.403"," 23404.403"," 23404.403"," 23404.403"," 23404.403"," 23404.403"
"YLR270W"," 76588.116"," 76588.116"," 76588.116"," 76588.116"," 76588.116"," 76588.116"," 76588.116"," 76588.116"," 76588.116"," 76588.116"," 76588.116"," 76588.116"," 76588.116"," 76588.116"," 76588.116"," 76588.116"," 76588.116"," 76588.116"," 76588.116"," 76588.116"," 76588.116"," 76588.116"
"YLR275W","  6650.123","  6650.123","  6650.123","  6650.123","  6650.123","  6650.123","  6650.123","  6650.123","  6650.123","  6650.123","  6650.123","  6650.123","  6650.123","  6650.123","  6650.123","  6650.123","  6650.123","  6650.123","  6650.123","  6650.123","  6650.123","  6650.123"
"YLR354C","116422.389","116422.389","116422.389","116422.389","116422.389","116422.389","116422.389","116422.389","116422.389","116422.389","116422.389","116422.389","116422.389","116422.389","116422.389","116422.389","116422.389","116422.389","116422.389","116422.389","116422.389","116422.389"
"YLR359W"," 38145.025"," 38145.025"," 38145.025"," 38145.025"," 38145.025"," 38145.025"," 38145.025"," 38145.025"," 38145.025"," 38145.025"," 38145.025"," 38145.025"," 38145.025"," 38145.025"," 38145.025"," 38145.025"," 38145.025"," 38145.025"," 38145.025"," 38145.025"," 38145.025"," 38145.025"
"YLR388W"," 16995.128"," 16995.128"," 16995.128"," 16995.128"," 16995.128"," 16995.128"," 16995.128"," 16995.128"," 16995.128"," 16995.128"," 16995.128"," 16995.128"," 16995.128"," 16995.128"," 16995.128"," 16995.128"," 16995.128"," 16995.128"," 16995.128"," 16995.128"," 16995.128"," 16995.128"
"YLR406C","  8772.819","  8772.819","  8772.819","  8772.819","  8772.819","  8772.819","  8772.819","  8772.819","  8772.819","  8772.819","  8772.819","  8772.819","  8772.819","  8772.819","  8772.819","  8772.819","  8772.819","  8772.819","  8772.819","  8772.819","  8772.819","  8772.819"
"YLR441C"," 13657.912"," 13657.912"," 13657.912"," 13657.912"," 13657.912"," 13657.912"," 13657.912"," 13657.912"," 13657.912"," 13657.912"," 13657.912"," 13657.912"," 13657.912"," 13657.912"," 13657.912"," 13657.912"," 13657.912"," 13657.912"," 13657.912"," 13657.912"," 13657.912"," 13657.912"
"YLR447C"," 40191.928"," 40191.928"," 40191.928"," 40191.928"," 40191.928"," 40191.928"," 40191.928"," 40191.928"," 40191.928"," 40191.928"," 40191.928"," 40191.928"," 40191.928"," 40191.928"," 40191.928"," 40191.928"," 40191.928"," 40191.928"," 40191.928"," 40191.928"," 40191.928"," 40191.928"
"YML001W"," 70552.558"," 70552.558"," 70552.558"," 70552.558"," 70552.558"," 70552.558"," 70552.558"," 70552.558"," 70552.558"," 70552.558"," 70552.558"," 70552.558"," 70552.558"," 70552.558"," 70552.558"," 70552.558"," 70552.558"," 70552.558"," 70552.558"," 70552.558"," 70552.558"," 70552.558"
"YML012W"," 24392.248"," 24392.248"," 24392.248"," 24392.248"," 24392.248"," 24392.248"," 24392.248"," 24392.248"," 24392.248"," 24392.248"," 24392.248"," 24392.248"," 24392.248"," 24392.248"," 24392.248"," 24392.248"," 24392.248"," 24392.248"," 24392.248"," 24392.248"," 24392.248"," 24392.248"
"YML028W","104335.999","104335.999","104335.999","104335.999","104335.999","104335.999","104335.999","104335.999","104335.999","104335.999","104335.999","104335.999","104335.999","104335.999","104335.999","104335.999","104335.999","104335.999","104335.999","104335.999","104335.999","104335.999"
"YML073C"," 19897.008"," 19897.008"," 19897.008"," 19897.008"," 19897.008"," 19897.008"," 19897.008"," 19897.008"," 19897.008"," 19897.008"," 19897.008"," 19897.008"," 19897.008"," 19897.008"," 19897.008"," 19897.008"," 19897.008"," 19897.008"," 19897.008"," 19897.008"," 19897.008"," 19897.008"
"YML078W"," 15268.292"," 15268.292"," 15268.292"," 15268.292"," 15268.292"," 15268.292"," 15268.292"," 15268.292"," 15268.292"," 15268.292"," 15268.292"," 15268.292"," 15268.292"," 15268.292"," 15268.292"," 15268.292"," 15268.292"," 15268.292"," 15268.292"," 15268.292"," 15268.292"," 15268.292"
"YML085C"," 71584.084"," 71584.084"," 71584.084"," 71584.084"," 71584.084"," 71584.084"," 71584.084"," 71584.084"," 71584.084"," 71584.084"," 71584.084"," 71584.084"," 71584.084"," 71584.084"," 71584.084"," 71584.084"," 71584.084"," 71584.084"," 71584.084"," 71584.084"," 71584.084"," 71584.084"
"YML105C"," 14138.886"," 14138.886"," 14138.886"," 14138.886"," 14138.886"," 14138.886"," 14138.886"," 14138.886"," 14138.886"," 14138.886"," 14138.886"," 14138.886"," 14138.886"," 14138.886"," 14138.886"," 14138.886"," 14138.886"," 14138.886"," 14138.886"," 14138.886"," 14138.886"," 14138.886"
"YML106W"," 25463.857"," 25463.857"," 25463.857"," 25463.857"," 25463.857"," 25463.857"," 25463.857"," 25463.857"," 25463.857"," 25463.857"," 25463.857"," 25463.857"," 25463.857"," 25463.857"," 25463.857"," 25463.857"," 25463.857"," 25463.857"," 25463.857"," 25463.857"," 25463.857"," 25463.857"
"YML124C","  7182.668","  7182.668","  7182.668","  7182.668","  7182.668","  7182.668","  7182.668","  7182.668","  7182.668","  7182.668","  7182.668","  7182.668","  7182.668","  7182.668","  7182.668","  7182.668","  7182.668","  7182.668","  7182.668","  7182.668","  7182.668","  7182.668"
"YMR015C"," 37503.428"," 37503.428"," 37503.428"," 37503.428"," 37503.428"," 37503.428"," 37503.428"," 37503.428"," 37503.428"," 37503.428"," 37503.428"," 37503.428"," 37503.428"," 37503.428"," 37503.428"," 37503.428"," 37503.428"," 37503.428"," 37503.428"," 37503.428"," 37503.428"," 37503.428"
"YMR142C"," 10250.093"," 10250.093"," 10250.093"," 10250.093"," 10250.093"," 10250.093"," 10250.093"," 10250.093"," 10250.093"," 10250.093"," 10250.093"," 10250.093"," 10250.093"," 10250.093"," 10250.093"," 10250.093"," 10250.093"," 10250.093"," 10250.093"," 10250.093"," 10250.093"," 10250.093"
"YMR158W","  7835.628","  7835.628","  7835.628","  7835.628","  7835.628","  7835.628","  7835.628","  7835.628","  7835.628","  7835.628","  7835.628","  7835.628","  7835.628","  7835.628","  7835.628","  7835.628","  7835.628","  7835.628","  7835.628","  7835.628","  7835.628","  7835.628"
"YMR217W"," 96033.214"," 96033.214"," 96033.214"," 96033.214"," 96033.214"," 96033.214"," 96033.214"," 96033.214"," 96033.214"," 96033.214"," 96033.214"," 96033.214"," 96033.214"," 96033.214"," 96033.214"," 96033.214"," 96033.214"," 96033.214"," 96033.214"," 96033.214"," 96033.214"," 96033.214"
"YMR256C"," 16456.046"," 16456.046"," 16456.046"," 16456.046"," 16456.046"," 16456.046"," 16456.046"," 16456.046"," 16456.046"," 16456.046"," 16456.046"," 16456.046"," 16456.046"," 16456.046"," 16456.046"," 16456.046"," 16456.046"," 16456.046"," 16456.046"," 16456.046"," 16456.046"," 16456.046"
"YMR295C"," 14262.878"," 14262.878"," 14262.878"," 14262.878"," 14262.878"," 14262.878"," 14262.878"," 14262.878"," 14262.878"," 14262.878"," 14262.878"," 14262.878"," 14262.878"," 14262.878"," 14262.878"," 14262.878"," 14262.878"," 14262.878"," 14262.878"," 14262.878"," 14262.878"," 14262.878"
"YNL052W"," 24001.313"," 24001.313"," 24001.313"," 24001.313"," 24001.313"," 24001.313"," 24001.313"," 24001.313"," 24001.313"," 24001.313"," 24001.313"," 24001.313"," 24001.313"," 24001.313"," 24001.313"," 24001.313"," 24001.313"," 24001.313"," 24001.313"," 24001.313"," 24001.313"," 24001.313"
"YNL055C","183345.289","183345.289","183345.289","183345.289","183345.289","183345.289","183345.289","183345.289","183345.289","183345.289","183345.289","183345.289","183345.289","183345.289","183345.289","183345.289","183345.289","183345.289","183345.289","183345.289","183345.289","183345.289"
"YNL070W","  7471.797","  7471.797","  7471.797","  7471.797","  7471.797","  7471.797","  7471.797","  7471.797","  7471.797","  7471.797","  7471.797","  7471.797","  7471.797","  7471.797","  7471.797","  7471.797","  7471.797","  7471.797","  7471.797","  7471.797","  7471.797","  7471.797"
"YNL149C"," 14698.005"," 14698.005"," 14698.005"," 14698.005"," 14698.005"," 14698.005"," 14698.005"," 14698.005"," 14698.005"," 14698.005"," 14698.005"," 14698.005"," 14698.005"," 14698.005"," 14698.005"," 14698.005"," 14698.005"," 14698.005"," 14698.005"," 14698.005"," 14698.005"," 14698.005"
"YNL178W","170095.598","170095.598","170095.598","170095.598","170095.598","170095.598","170095.598","170095.598","170095.598","170095.598","170095.598","170095.598","170095.598","170095.598","170095.598","170095.598","170095.598","170095.598","170095.598","170095.598","170095.598","170095.598"
"YNL189W"," 47499.835"," 47499.835"," 47499.835"," 47499.835"," 47499.835"," 47499.835"," 47499.835"," 47499.835"," 47499.835"," 47499.835"," 47499.835"," 47499.835"," 47499.835"," 47499.835"," 47499.835"," 47499.835"," 47499.835"," 47499.835"," 47499.835"," 47499.835"," 47499.835"," 47499.835"
"YNL229C","  7649.876","  7649.876","  7649.876","  7649.876","  7649.876","  7649.876","  7649.876","  7649.876","  7649.876","  7649.876","  7649.876","  7649.876","  7649.876","  7649.876","  7649.876","  7649.876","  7649.876","  7649.876","  7649.876","  7649.876","  7649.876","  7649.876"
"YNL244C"," 25334.516"," 25334.516"," 25334.516"," 25334.516"," 25334.516"," 25334.516"," 25334.516"," 25334.516"," 25334.516"," 25334.516"," 25334.516"," 25334.516"," 25334.516"," 25334.516"," 25334.516"," 25334.516"," 25334.516"," 25334.516"," 25334.516"," 25334.516"," 25334.516"," 25334.516"
"YNL255C","  6037.742","  6037.742","  6037.742","  6037.742","  6037.742","  6037.742","  6037.742","  6037.742","  6037.742","  6037.742","  6037.742","  6037.742","  6037.742","  6037.742","  6037.742","  6037.742","  6037.742","  6037.742","  6037.742","  6037.742","  6037.742","  6037.742"
"YNL280C","  7552.710","  7552.710","  7552.710","  7552.710","  7552.710","  7552.710","  7552.710","  7552.710","  7552.710","  7552.710","  7552.710","  7552.710","  7552.710","  7552.710","  7552.710","  7552.710","  7552.710","  7552.710","  7552.710","  7552.710","  7552.710","  7552.710"
"YNR035C"," 43854.703"," 43854.703"," 43854.703"," 43854.703"," 43854.703"," 43854.703"," 43854.703"," 43854.703"," 43854.703"," 43854.703"," 43854.703"," 43854.703"," 43854.703"," 43854.703"," 43854.703"," 43854.703"," 43854.703"," 43854.703"," 43854.703"," 43854.703"," 43854.703"," 43854.703"
"YOL005C","  7144.780","  7144.780","  7144.780","  7144.780","  7144.780","  7144.780","  7144.780","  7144.780","  7144.780","  7144.780","  7144.780","  7144.780","  7144.780","  7144.780","  7144.780","  7144.780","  7144.780","  7144.780","  7144.780","  7144.780","  7144.780","  7144.780"
"YOL012C"," 15664.560"," 15664.560"," 15664.560"," 15664.560"," 15664.560"," 15664.560"," 15664.560"," 15664.560"," 15664.560"," 15664.560"," 15664.560"," 15664.560"," 15664.560"," 15664.560"," 15664.560"," 15664.560"," 15664.560"," 15664.560"," 15664.560"," 15664.560"," 15664.560"," 15664.560"
"YOL061W"," 14357.519"," 14357.519"," 14357.519"," 14357.519"," 14357.519"," 14357.519"," 14357.519"," 14357.519"," 14357.519"," 14357.519"," 14357.519"," 14357.519"," 14357.519"," 14357.519"," 14357.519"," 14357.519"," 14357.519"," 14357.519"," 14357.519"," 14357.519"," 14357.519"," 14357.519"
"YOL127W"," 48049.272"," 48049.272"," 48049.272"," 48049.272"," 48049.272"," 48049.272"," 48049.272"," 48049.272"," 48049.272"," 48049.272"," 48049.272"," 48049.272"," 48049.272"," 48049.272"," 48049.272"," 48049.272"," 48049.272"," 48049.272"," 48049.272"," 48049.272"," 48049.272"," 48049.272"
"YOR039W","  7497.046","  7497.046","  7497.046","  7497.046","  7497.046","  7497.046","  7497.046","  7497.046","  7497.046","  7497.046","  7497.046","  7497.046","  7497.046","  7497.046","  7497.046","  7497.046","  7497.046","  7497.046","  7497.046","  7497.046","  7497.046","  7497.046"
"YOR061W"," 22924.015"," 22924.015"," 22924.015"," 22924.015"," 22924.015"," 22924.015"," 22924.015"," 22924.015"," 22924.015"," 22924.015"," 22924.015"," 22924.015"," 22924.015"," 22924.015"," 22924.015"," 22924.015"," 22924.015"," 22924.015"," 22924.015"," 22924.015"," 22924.015"," 22924.015"
"YOR063W","193790.123","193790.123","193790.123","193790.123","193790.123","193790.123","193790.123","193790.123","193790.123","193790.123","193790.123","193790.123","193790.123","193790.123","193790.123","193790.123","193790.123","193790.123","193790.123","193790.123","193790.123","193790.123"
"YOR096W"," 69260.627"," 69260.627"," 69260.627"," 69260.627"," 69260.627"," 69260.627"," 69260.627"," 69260.627"," 69260.627"," 69260.627"," 69260.627"," 69260.627"," 69260.627"," 69260.627"," 69260.627"," 69260.627"," 69260.627"," 69260.627"," 69260.627"," 69260.627"," 69260.627"," 69260.627"
"YOR117W"," 29563.043"," 29563.043"," 29563.043"," 29563.043"," 29563.043"," 29563.043"," 29563.043"," 29563.043"," 29563.043"," 29563.043"," 29563.043"," 29563.043"," 29563.043"," 29563.043"," 29563.043"," 29563.043"," 29563.043"," 29563.043"," 29563.043"," 29563.043"," 29563.043"," 29563.043"
"YOR125C","  6339.071","  6339.071","  6339.071","  6339.071","  6339.071","  6339.071","  6339.071","  6339.071","  6339.071","  6339.071","  6339.071","  6339.071","  6339.071","  6339.071","  6339.071","  6339.071","  6339.071","  6339.071","  6339.071","  6339.071","  6339.071","  6339.071"
"YOR210W"," 15838.784"," 15838.784"," 15838.784"," 15838.784"," 15838.784"," 15838.784"," 15838.784"," 15838.784"," 15838.784"," 15838.784"," 15838.784"," 15838.784"," 15838.784"," 15838.784"," 15838.784"," 15838.784"," 15838.784"," 15838.784"," 15838.784"," 15838.784"," 15838.784"," 15838.784"
"YOR220W","  6501.472","  6501.472","  6501.472","  6501.472","  6501.472","  6501.472","  6501.472","  6501.472","  6501.472","  6501.472","  6501.472","  6501.472","  6501.472","  6501.472","  6501.472","  6501.472","  6501.472","  6501.472","  6501.472","  6501.472","  6501.472","  6501.472"
"YOR234C","  9713.608","  9713.608","  9713.608","  9713.608","  9713.608","  9713.608","  9713.608","  9713.608","  9713.608","  9713.608","  9713.608","  9713.608","  9713.608","  9713.608","  9713.608","  9713.608","  9713.608","  9713.608","  9713.608","  9713.608","  9713.608","  9713.608"
"YOR276W"," 21777.215"," 21777.215"," 21777.215"," 21777.215"," 21777.215"," 21777.215"," 21777.215"," 21777.215"," 21777.215"," 21777.215"," 21777.215"," 21777.215"," 21777.215"," 21777.215"," 21777.215"," 21777.215"," 21777.215"," 21777.215"," 21777.215"," 21777.215"," 21777.215"," 21777.215"
"YOR298C-A"," 17023.971"," 17023.971"," 17023.971"," 17023.971"," 17023.971"," 17023.971"," 17023.971"," 17023.971"," 17023.971"," 17023.971"," 17023.971"," 17023.971"," 17023.971"," 17023.971"," 17023.971"," 17023.971"," 17023.971"," 17023.971"," 17023.971"," 17023.971"," 17023.971"," 17023.971"
"YOR332W"," 58248.254"," 58248.254"," 58248.254"," 58248.254"," 58248.254"," 58248.254"," 58248.254"," 58248.254"," 58248.254"," 58248.254"," 58248.254"," 58248.254"," 58248.254"," 58248.254"," 58248.254"," 58248.254"," 58248.254"," 58248.254"," 58248.254"," 58248.254"," 58248.254"," 58248.254"
"YOR357C","  7427.321","  7427.321","  7427.321","  7427.321","  7427.321","  7427.321","  7427.321","  7427.321","  7427.321","  7427.321","  7427.321","  7427.321","  7427.321","  7427.321","  7427.321","  7427.321","  7427.321","  7427.321","  7427.321","  7427.321","  7427.321","  7427.321"
"YOR362C"," 22057.199"," 22057.199"," 22057.199"," 22057.199"," 22057.199"," 22057.199"," 22057.199"," 22057.199"," 22057.199"," 22057.199"," 22057.199"," 22057.199"," 22057.199"," 22057.199"," 22057.199"," 22057.199"," 22057.199"," 22057.199"," 22057.199"," 22057.199"," 22057.199"," 22057.199"
"YOR369C"," 71091.295"," 71091.295"," 71091.295"," 71091.295"," 71091.295"," 71091.295"," 71091.295"," 71091.295"," 71091.295"," 71091.295"," 71091.295"," 71091.295"," 71091.295"," 71091.295"," 71091.295"," 71091.295"," 71091.295"," 71091.295"," 71091.295"," 71091.295"," 71091.295"," 71091.295"
"YPL037C"," 55407.462"," 55407.462"," 55407.462"," 55407.462"," 55407.462"," 55407.462"," 55407.462"," 55407.462"," 55407.462"," 55407.462"," 55407.462"," 55407.462"," 55407.462"," 55407.462"," 55407.462"," 55407.462"," 55407.462"," 55407.462"," 55407.462"," 55407.462"," 55407.462"," 55407.462"
"YPL087W"," 14361.940"," 14361.940"," 14361.940"," 14361.940"," 14361.940"," 14361.940"," 14361.940"," 14361.940"," 14361.940"," 14361.940"," 14361.940"," 14361.940"," 14361.940"," 14361.940"," 14361.940"," 14361.940"," 14361.940"," 14361.940"," 14361.940"," 14361.940"," 14361.940"," 14361.940"
"YPL211W"," 15324.524"," 15324.524"," 15324.524"," 15324.524"," 15324.524"," 15324.524"," 15324.524"," 15324.524"," 15324.524"," 15324.524"," 15324.524"," 15324.524"," 15324.524"," 15324.524"," 15324.524"," 15324.524"," 15324.524"," 15324.524"," 15324.524"," 15324.524"," 15324.524"," 15324.524"
"YPL218W"," 68241.511"," 68241.511"," 68241.511"," 68241.511"," 68241.511"," 68241.511"," 68241.511"," 68241.511"," 68241.511"," 68241.511"," 68241.511"," 68241.511"," 68241.511"," 68241.511"," 68241.511"," 68241.511"," 68241.511"," 68241.511"," 68241.511"," 68241.511"," 68241.511"," 68241.511"
"YPL237W"," 56871.584"," 56871.584"," 56871.584"," 56871.584"," 56871.584"," 56871.584"," 56871.584"," 56871.584"," 56871.584"," 56871.584"," 56871.584"," 56871.584"," 56871.584"," 56871.584"," 56871.584"," 56871.584"," 56871.584"," 56871.584"," 56871.584"," 56871.584"," 56871.584"," 56871.584"
"YPL271W","  7533.029","  7533.029","  7533.029","  7533.029","  7533.029","  7533.029","  7533.029","  7533.029","  7533.029","  7533.029","  7533.029","  7533.029","  7533.029","  7533.029","  7533.029","  7533.029","  7533.029","  7533.029","  7533.029","  7533.029","  7533.029","  7533.029"
"YPR010C-A","  9217.988","  9217.988","  9217.988","  9217.988","  9217.988","  9217.988","  9217.988","  9217.988","  9217.988","  9217.988","  9217.988","  9217.988","  9217.988","  9217.988","  9217.988","  9217.988","  9217.988","  9217.988","  9217.988","  9217.988","  9217.988","  9217.988"
"YPR028W","  8869.897","  8869.897","  8869.897","  8869.897","  8869.897","  8869.897","  8869.897","  8869.897","  8869.897","  8869.897","  8869.897","  8869.897","  8869.897","  8869.897","  8869.897","  8869.897","  8869.897","  8869.897","  8869.897","  8869.897","  8869.897","  8869.897"
"YPR149W"," 19822.139"," 19822.139"," 19822.139"," 19822.139"," 19822.139"," 19822.139"," 19822.139"," 19822.139"," 19822.139"," 19822.139"," 19822.139"," 19822.139"," 19822.139"," 19822.139"," 19822.139"," 19822.139"," 19822.139"," 19822.139"," 19822.139"," 19822.139"," 19822.139"," 19822.139"
"YPR165W"," 42166.055"," 42166.055"," 42166.055"," 42166.055"," 42166.055"," 42166.055"," 42166.055"," 42166.055"," 42166.055"," 42166.055"," 42166.055"," 42166.055"," 42166.055"," 42166.055"," 42166.055"," 42166.055"," 42166.055"," 42166.055"," 42166.055"," 42166.055"," 42166.055"," 42166.055"
"YPR166C","  7172.186","  7172.186","  7172.186","  7172.186","  7172.186","  7172.186","  7172.186","  7172.186","  7172.186","  7172.186","  7172.186","  7172.186","  7172.186","  7172.186","  7172.186","  7172.186","  7172.186","  7172.186","  7172.186","  7172.186","  7172.186","  7172.186"
