gene,chr,position1,position2,lead_or_lag,UTR5,UTR3
YAL001C,chrI,147594,151166,-,20,64
YAL003W,chrI,142174,143160,+,13,210
YAL005C,chrI,139503,141431,-,64,127
YAL007C,chrI,137698,138345,-,68,126
YAL012W,chrI,130799,131983,+,66,101
YAL021C,chrI,110846,113359,-,40,229
YAL023C,chrI,106272,108551,-,85,110
YAL029C,chrI,87855,92270,-,48,35
YAL034C,chrI,80710,81951,-,98,124
YAL035W,chrI,76427,79435,+,21,104
YAL036C,chrI,75043,76152,-,20,167
YAL038W,chrI,71786,73288,+,29,166
YAL039C,chrI,68716,69525,-,50,37
YAL049C,chrI,51855,52595,-,49,100
YAL053W,chrI,45899,48250,+,109,53
YAL060W,chrI,35155,36303,+,86,118
YAR002C-A,chrI,154065,154724,-,42,61
YAR007C,chrI,156754,158619,-,65,52
YAR008W,chrI,158966,159793,+,110,100
YAR015W,chrI,169375,170295,+,34,97
YAR018C,chrI,170396,171703,-,40,44
YAR042W,chrI,192619,196185,+,94,165
YBL002W,chrII,236492,236887,+,49,190
YBL004W,chrII,227636,235117,+,91,60
YBL015W,chrII,194122,195702,+,78,242
YBL016W,chrII,192451,193512,+,226,130
YBL017C,chrII,186844,191583,-,184,47
YBL020W,chrII,182401,184125,+,158,78
YBL022C,chrII,177874,181275,-,113,57
YBL024W,chrII,172534,174588,+,112,88
YBL026W,chrII,170623,171038,+,65,128
YBL030C,chrII,163041,163997,-,91,275
YBL032W,chrII,160184,161329,+,75,174
YBL039C,chrII,143989,145728,-,55,80
YBL040C,chrII,142112,142868,-,23,78
YBL041W,chrII,141247,141972,+,42,48
YBL045C,chrII,134143,135516,-,196,163
YBL047C,chrII,127895,132040,-,153,214
YBL050W,chrII,125125,126119,+,75,63
YBL057C,chrII,112801,113427,-,6,51
YBL064C,chrII,100371,101156,-,33,49
YBL075C,chrII,84499,86448,-,133,67
YBL076C,chrII,81043,84261,-,15,67
YBL078C,chrII,80378,80731,-,27,459
YBL079W,chrII,75259,79767,+,27,280
YBL091C,chrII,47363,48628,-,33,68
YBL092W,chrII,45645,46370,+,334,70
YBL098W,chrII,39145,40527,+,22,124
YBL099W,chrII,37053,38690,+,298,267
YBL102W,chrII,24098,24745,+,90,149
YBL106C,chrII,10847,13879,-,54,35
YBR003W,chrII,242809,244230,+,23,130
YBR011C,chrII,257112,257975,-,11,90
YBR015C,chrII,267710,269503,-,107,130
YBR024W,chrII,289445,290350,+,84,217
YBR025C,chrII,290681,291865,-,39,184
YBR029C,chrII,296369,297742,-,685,121
YBR037C,chrII,310565,311452,-,14,58
YBR039W,chrII,315575,316510,+,92,180
YBR041W,chrII,318266,320275,+,48,182
YBR046C,chrII,330507,331511,-,58,19
YBR052C,chrII,338720,339352,-,45,31
YBR054W,chrII,343101,344135,+,315,363
YBR059C,chrII,356861,360187,-,32,39
YBR072W,chrII,382030,382674,+,60,165
YBR078W,chrII,393123,394742,+,163,41
YBR079C,chrII,395383,398277,-,26,64
YBR080C,chrII,398614,400890,-,21,122
YBR082C,chrII,406628,407169,-,210,121
YBR084W,chrII,411054,413981,+,70,162
YBR085C-A,chrII,418907,419164,-,57,334
YBR086C,chrII,420201,423041,-,247,95
YBR087W,chrII,423765,424829,+,13,52
YBR093C,chrII,429548,430951,-,48,36
YBR096W,chrII,436021,436713,+,84,70
YBR106W,chrII,452658,453224,+,45,141
YBR109C,chrII,457919,458362,-,29,171
YBR115C,chrII,469748,473926,-,119,24
YBR120C,chrII,480435,480923,-,68,42
YBR121C,chrII,481364,483367,-,81,81
YBR122C,chrII,483970,484503,-,34,172
YBR126C,chrII,488905,490392,-,59,106
YBR127C,chrII,491269,492822,-,46,148
YBR143C,chrII,530869,532182,-,21,117
YBR146W,chrII,535260,536096,+,62,204
YBR149W,chrII,539987,541021,+,28,103
YBR154C,chrII,548362,549009,-,111,73
YBR159W,chrII,558685,559728,+,140,88
YBR160W,chrII,560078,560974,+,61,96
YBR164C,chrII,567875,568426,-,111,103
YBR166C,chrII,569842,571200,-,45,86
YBR169C,chrII,573915,575996,-,32,143
YBR171W,chrII,578364,578984,+,28,127
YBR192W,chrII,607652,608785,+,164,272
YBR196C,chrII,612236,613900,-,43,138
YBR199W,chrII,618909,620303,+,74,130
YBR202W,chrII,625772,628309,+,76,164
YBR207W,chrII,635146,636543,+,33,119
YBR210W,chrII,645550,645978,+,27,216
YBR214W,chrII,651415,652998,+,84,180
YBR218C,chrII,658707,662249,-,141,94
YBR221C,chrII,665153,666253,-,203,214
YBR222C,chrII,666720,668351,-,127,87
YBR227C,chrII,673572,675134,-,47,111
YBR230C,chrII,679549,680050,-,14,11
YBR234C,chrII,685438,686592,-,47,45
YBR241C,chrII,702589,704055,-,64,68
YBR247C,chrII,713004,714455,-,4,94
YBR249C,chrII,716882,717994,-,137,88
YBR251W,chrII,721390,722313,+,40,80
YBR262C,chrII,735720,736040,-,30,69
YBR265W,chrII,738582,739544,+,55,125
YBR268W,chrII,741299,741616,+,7,95
YBR282W,chrII,768240,768680,+,36,85
YBR283C,chrII,768943,770415,-,148,139
YBR286W,chrII,774700,776313,+,33,50
YBR287W,chrII,776571,777854,+,37,52
YBR291C,chrII,783673,784572,-,169,22
YBR296C,chrII,796798,798522,-,35,246
YCL009C,chrIII,104619,105548,-,11,62
YCL011C,chrIII,102075,103358,-,46,55
YCL017C,chrIII,92777,94270,-,96,123
YCL034W,chrIII,61658,62722,+,31,173
YCL035C,chrIII,60841,61173,-,44,92
YCL037C,chrIII,57374,58678,-,58,159
YCL040W,chrIII,50838,52340,+,31,180
YCL043C,chrIII,48653,50221,-,39,74
YCL045C,chrIII,44623,46905,-,42,34
YCL050C,chrIII,37836,38801,-,63,86
YCL057C-A,chrIII,24032,24325,-,18,108
YCR002C,chrIII,117380,118348,-,33,40
YCR004C,chrIII,119575,120318,-,171,165
YCR005C,chrIII,120946,122328,-,46,126
YCR008W,chrIII,128470,130281,+,139,250
YCR009C,chrIII,130745,131542,-,49,75
YCR011C,chrIII,133724,136873,-,136,54
YCR012W,chrIII,137746,138996,+,42,167
YCR028C,chrIII,170886,172424,-,89,140
YCR028C-A,chrIII,172950,173440,-,59,165
YCR030C,chrIII,173826,176438,-,50,165
YCR043C,chrIII,206261,206644,-,43,148
YCR046C,chrIII,209914,210423,-,17,88
YCR047C,chrIII,210718,211545,-,89,146
YCR069W,chrIII,239055,240011,+,210,120
YCR073W-A,chrIII,246963,247910,+,15,114
YCR077C,chrIII,250238,252628,-,43,137
YCR079W,chrIII,252845,254173,+,89,123
YCR088W,chrIII,265068,266846,+,44,77
YCR090C,chrIII,272315,272863,-,24,51
YCR093W,chrIII,280117,286443,+,53,101
YDL004W,chrIV,443029,443511,+,43,242
YDL007W,chrIV,438047,439360,+,36,84
YDL014W,chrIV,427364,428347,+,128,216
YDL015C,chrIV,426002,426934,-,41,199
YDL018C,chrIV,422833,423510,-,61,85
YDL019C,chrIV,417663,421514,-,214,92
YDL022W,chrIV,411825,413000,+,88,116
YDL025C,chrIV,405344,407206,-,197,94
YDL029W,chrIV,399340,400638,+,8,129
YDL031W,chrIV,394217,397204,+,49,77
YDL040C,chrIV,378874,381438,-,28,87
YDL044C,chrIV,373967,375289,-,18,74
YDL047W,chrIV,369771,370706,+,194,185
YDL049C,chrIV,365068,365874,-,186,229
YDL052C,chrIV,362672,363583,-,35,64
YDL055C,chrIV,355674,356759,-,150,222
YDL060W,chrIV,341619,343985,+,42,98
YDL061C,chrIV,340628,341219,-,445,144
YDL066W,chrIV,334835,336121,+,20,143
YDL073W,chrIV,326613,329567,+,115,56
YDL075W,chrIV,322226,322988,+,21,70
YDL078C,chrIV,315357,316388,-,54,59
YDL081C,chrIV,309802,310122,-,47,84
YDL082W,chrIV,308424,309388,+,26,143
YDL084W,chrIV,305237,306577,+,156,111
YDL092W,chrIV,292781,293221,+,9,138
YDL095W,chrIV,287059,289512,+,81,97
YDL097C,chrIV,285391,286695,-,42,40
YDL100C,chrIV,282112,283176,-,25,57
YDL108W,chrIV,267698,268699,+,49,76
YDL110C,chrIV,264512,264964,-,59,158
YDL116W,chrIV,251566,253746,+,51,57
YDL122W,chrIV,242552,244981,+,33,83
YDL125C,chrIV,239019,239606,-,211,113
YDL126C,chrIV,236157,238664,-,40,59
YDL128W,chrIV,232652,233887,+,90,174
YDL130W,chrIV,229906,230527,+,17,95
YDL131W,chrIV,227393,228715,+,52,104
YDL132W,chrIV,224304,226751,+,302,67
YDL134C,chrIV,219662,220771,-,485,30
YDL135C,chrIV,218680,219288,-,166,66
YDL137W,chrIV,216158,217074,+,372,154
YDL140C,chrIV,205360,210561,-,48,100
YDL143W,chrIV,199996,201582,+,41,100
YDL145C,chrIV,194571,198176,-,239,138
YDL146W,chrIV,192750,194225,+,140,121
YDL147W,chrIV,190924,192261,+,40,147
YDL160C,chrIV,170410,171930,-,277,54
YDL164C,chrIV,164987,167254,-,52,132
YDL168W,chrIV,159604,160764,+,62,54
YDL171C,chrIV,149203,155640,-,110,37
YDL174C,chrIV,145826,147589,-,61,67
YDL181W,chrIV,135179,135436,+,87,88
YDL182W,chrIV,133437,134723,+,21,93
YDL190C,chrIV,118707,121592,-,186,125
YDL192W,chrIV,116321,116866,+,37,58
YDL195W,chrIV,107208,111029,+,103,144
YDL198C,chrIV,103649,104551,-,140,97
YDL202W,chrIV,98475,99224,+,41,96
YDL204W,chrIV,94605,95786,+,267,179
YDL208W,chrIV,87512,87982,+,26,128
YDL213C,chrIV,77289,77966,-,17,50
YDL215C,chrIV,70640,73918,-,213,143
YDL225W,chrIV,52445,54100,+,41,93
YDL226C,chrIV,51115,52173,-,16,81
YDL229W,chrIV,44065,45906,+,32,108
YDL238C,chrIV,28985,30454,-,13,140
YDL240W,chrIV,22823,25876,+,174,2
YDR001C,chrIV,450220,452475,-,192,94
YDR005C,chrIV,456836,458103,-,115,161
YDR009W,chrIV,463434,464996,+,43,206
YDR011W,chrIV,465919,470424,+,317,164
YDR019C,chrIV,484163,485365,-,33,156
YDR023W,chrIV,489508,490896,+,21,158
YDR032C,chrIV,504099,504695,-,56,131
YDR034C,chrIV,509737,512109,-,145,70
YDR035W,chrIV,521816,522928,+,80,231
YDR037W,chrIV,525440,527215,+,71,68
YDR041W,chrIV,539803,540414,+,10,156
YDR050C,chrIV,555726,556472,-,31,56
YDR051C,chrIV,557056,558060,-,31,42
YDR056C,chrIV,565023,565640,-,60,86
YDR060W,chrIV,570649,573726,+,50,90
YDR062W,chrIV,576474,578159,+,73,290
YDR064W,chrIV,579458,580452,+,21,84
YDR069C,chrIV,584939,587719,-,44,281
YDR071C,chrIV,588827,589402,-,78,60
YDR074W,chrIV,593893,596583,+,76,239
YDR084C,chrIV,613405,614004,-,55,109
YDR086C,chrIV,616928,617170,-,107,172
YDR091C,chrIV,626708,628534,-,74,313
YDR092W,chrIV,629876,630605,+,73,86
YDR099W,chrIV,652781,654428,+,827,223
YDR101C,chrIV,655686,657467,-,28,74
YDR116C,chrIV,682724,683581,-,25,97
YDR117C,chrIV,683946,685643,-,40,14
YDR119W-A,chrIV,691014,691214,+,38,0
YDR120C,chrIV,691549,693261,-,13,185
YDR127W,chrIV,704484,709250,+,172,54
YDR129C,chrIV,713340,715379,-,58,121
YDR135C,chrIV,723004,727551,-,36,74
YDR148C,chrIV,753675,755066,-,204,128
YDR152W,chrIV,765706,766503,+,31,37
YDR153C,chrIV,766736,767971,-,89,109
YDR155C,chrIV,768512,769000,-,36,85
YDR158W,chrIV,770357,771454,+,22,124
YDR164C,chrIV,782041,784215,-,61,90
YDR170C,chrIV,796193,802222,-,273,173
YDR171W,chrIV,806621,807748,+,77,86
YDR172W,chrIV,808324,810381,+,37,178
YDR174W,chrIV,812110,812850,+,18,173
YDR175C,chrIV,813193,814152,-,40,211
YDR177W,chrIV,816878,817525,+,83,64
YDR178W,chrIV,817950,818495,+,187,171
YDR182W,chrIV,827582,829057,+,41,83
YDR188W,chrIV,836421,838061,+,48,166
YDR189W,chrIV,838392,840392,+,44,90
YDR190C,chrIV,840604,841995,-,49,38
YDR194C,chrIV,845952,847946,-,24,132
YDR204W,chrIV,858137,859144,+,94,108
YDR211W,chrIV,884727,886865,+,57,166
YDR212W,chrIV,887232,888911,+,61,66
YDR214W,chrIV,892875,893927,+,105,92
YDR217C,chrIV,899551,903480,-,47,42
YDR224C,chrIV,914317,914712,-,35,105
YDR226W,chrIV,916486,917154,+,44,129
YDR227W,chrIV,917571,921647,+,81,195
YDR231C,chrIV,926293,926910,-,26,147
YDR232W,chrIV,927452,929098,+,228,177
YDR233C,chrIV,929470,930357,-,27,76
YDR234W,chrIV,931129,933210,+,251,118
YDR237W,chrIV,936615,937493,+,143,120
YDR238C,chrIV,937895,940816,-,140,168
YDR239C,chrIV,941057,943420,-,28,46
YDR254W,chrIV,965113,966489,+,71,88
YDR258C,chrIV,971808,974243,-,19,84
YDR264C,chrIV,996029,998323,-,57,239
YDR280W,chrIV,1020747,1021664,+,150,109
YDR284C,chrIV,1030550,1031419,-,266,64
YDR292C,chrIV,1043146,1045011,-,116,63
YDR293C,chrIV,1045640,1049392,-,199,301
YDR294C,chrIV,1050459,1052228,-,37,32
YDR296W,chrIV,1055212,1055892,+,55,76
YDR298C,chrIV,1058176,1058814,-,133,156
YDR303C,chrIV,1068729,1071386,-,280,110
YDR304C,chrIV,1071880,1072557,-,42,47
YDR322C-A,chrIV,1112003,1112293,-,33,184
YDR325W,chrIV,1117126,1120233,+,261,176
YDR333C,chrIV,1133260,1135431,-,35,192
YDR337W,chrIV,1146319,1147179,+,50,52
YDR338C,chrIV,1147379,1149466,-,119,109
YDR341C,chrIV,1151803,1153626,-,64,133
YDR345C,chrIV,1162957,1164660,-,103,117
YDR346C,chrIV,1167214,1168659,-,158,252
YDR347W,chrIV,1169178,1170143,+,90,111
YDR351W,chrIV,1178666,1181260,+,410,154
YDR353W,chrIV,1183299,1184258,+,39,68
YDR358W,chrIV,1190059,1191732,+,50,163
YDR368W,chrIV,1213904,1214842,+,71,164
YDR372C,chrIV,1221112,1222149,-,250,122
YDR375C,chrIV,1225166,1226536,-,13,33
YDR377W,chrIV,1228611,1228916,+,76,405
YDR378C,chrIV,1229349,1229609,-,11,184
YDR381W,chrIV,1236558,1238004,+,84,193
YDR382W,chrIV,1239492,1239824,+,66,147
YDR388W,chrIV,1250186,1251634,+,43,123
YDR394W,chrIV,1261681,1262967,+,92,88
YDR398W,chrIV,1267471,1269402,+,162,92
YDR399W,chrIV,1270068,1270733,+,56,114
YDR404C,chrIV,1276654,1277169,-,194,125
YDR405W,chrIV,1277646,1278437,+,51,138
YDR408C,chrIV,1288215,1288859,-,58,144
YDR422C,chrIV,1315326,1317773,-,178,0
YDR427W,chrIV,1322205,1323386,+,32,99
YDR429C,chrIV,1324477,1325301,-,18,78
YDR434W,chrIV,1331237,1332841,+,97,117
YDR440W,chrIV,1342493,1344241,+,76,82
YDR441C,chrIV,1344517,1345062,-,216,99
YDR452W,chrIV,1362878,1364902,+,151,39
YDR454C,chrIV,1366264,1366827,-,38,78
YDR457W,chrIV,1369790,1379596,+,135,73
YDR458C,chrIV,1380055,1382046,-,31,179
YDR464W,chrIV,1388872,1393179,+,60,354
YDR466W,chrIV,1395121,1397817,+,97,41
YDR475C,chrIV,1407464,1410094,-,73,88
YDR476C,chrIV,1410453,1411127,-,8,181
YDR477W,chrIV,1412373,1414274,+,251,132
YDR483W,chrIV,1421157,1422485,+,67,114
YDR486C,chrIV,1427431,1428120,-,28,124
YDR493W,chrIV,1436217,1436588,+,85,103
YDR496C,chrIV,1441433,1443403,-,38,48
YDR502C,chrIV,1453310,1454464,-,32,271
YDR507C,chrIV,1462358,1465786,-,109,157
YDR510W,chrIV,1469400,1469705,+,69,133
YDR516C,chrIV,1474974,1476476,-,98,93
YDR529C,chrIV,1496165,1496548,-,46,170
YDR533C,chrIV,1501447,1502160,-,58,49
YEL002C,chrV,148722,150014,-,53,121
YEL011W,chrV,133120,135234,+,32,70
YEL015W,chrV,126629,128284,+,23,56
YEL017W,chrV,123657,124670,+,128,91
YEL024W,chrV,107260,107907,+,177,407
YEL026W,chrV,101943,102323,+,105,72
YEL027W,chrV,100769,101251,+,57,248
YEL031W,chrV,90258,93905,+,21,90
YEL032W,chrV,86937,89852,+,53,140
YEL036C,chrV,83050,84552,-,122,57
YEL038W,chrV,80462,81145,+,26,55
YEL042W,chrV,73771,75327,+,150,139
YEL047C,chrV,65385,66797,-,2,92
YEL050C,chrV,59670,60851,-,46,130
YEL051W,chrV,58378,59148,+,42,109
YEL055C,chrV,48471,51539,-,28,49
YEL060C,chrV,40046,41953,-,256,206
YEL071W,chrV,16355,17845,+,50,100
YER001W,chrV,153520,155808,+,171,291
YER003C,chrV,157736,159118,-,29,56
YER004W,chrV,159580,160275,+,155,241
YER006W,chrV,162723,164285,+,22,63
YER007C-A,chrV,166237,166885,-,30,165
YER009W,chrV,172115,172492,+,16,165
YER012W,chrV,177835,178431,+,47,132
YER019C-A,chrV,194273,194539,-,61,19
YER019W,chrV,192797,194230,+,112,88
YER020W,chrV,195168,196517,+,106,176
YER021W,chrV,196948,198519,+,50,78
YER023W,chrV,201076,201936,+,27,70
YER025W,chrV,205251,206834,+,45,262
YER026C,chrV,207644,208474,-,67,105
YER029C,chrV,212587,213177,-,53,90
YER031C,chrV,214076,214747,-,24,116
YER036C,chrV,223367,225199,-,23,84
YER043C,chrV,235770,237119,-,17,193
YER048C,chrV,246982,248157,-,66,102
YER048W-A,chrV,250718,251002,+,69,332
YER049W,chrV,251728,253662,+,98,86
YER052C,chrV,256375,257958,-,80,90
YER053C,chrV,258737,259639,-,99,120
YER055C,chrV,264892,265785,-,89,110
YER056C,chrV,266512,268113,-,88,88
YER057C,chrV,270737,271126,-,29,60
YER061C,chrV,278298,279626,-,42,29
YER062C,chrV,279930,280682,-,198,147
YER063W,chrV,281710,282366,+,66,148
YER070W,chrV,298950,301616,+,39,205
YER073W,chrV,304030,305592,+,175,134
YER081W,chrV,322686,324095,+,201,179
YER082C,chrV,324272,325936,-,74,69
YER083C,chrV,326174,327031,-,19,25
YER086W,chrV,328477,330207,+,63,141
YER089C,chrV,335946,337340,-,304,55
YER091C,chrV,339864,342167,-,54,200
YER094C,chrV,348729,349346,-,214,130
YER099C,chrV,358105,359061,-,271,53
YER100W,chrV,359562,360314,+,265,94
YER107C,chrV,373448,374545,-,177,113
YER110C,chrV,378762,382103,-,36,81
YER120W,chrV,401135,401869,+,27,99
YER122C,chrV,402871,404352,-,82,122
YER123W,chrV,404813,406387,+,190,422
YER125W,chrV,410189,412618,+,508,377
YER126C,chrV,413394,414179,-,26,123
YER133W,chrV,432495,433958,+,60,229
YER134C,chrV,437267,437803,-,37,220
YER136W,chrV,439616,440971,+,80,326
YER141W,chrV,453459,454919,+,212,1038
YER143W,chrV,456319,457605,+,66,149
YER145C,chrV,460526,461740,-,29,83
YER155C,chrV,476345,482848,-,59,131
YER162C,chrV,500630,502894,-,25,100
YER164W,chrV,505392,509798,+,28,125
YER165W,chrV,510373,512106,+,133,152
YER177W,chrV,545611,546414,+,40,177
YER178W,chrV,546817,548079,+,18,134
YFL004W,chrVI,131810,134296,+,144,76
YFL005W,chrVI,130334,130981,+,162,218
YFL007W,chrVI,123479,129910,+,130,61
YFL014W,chrVI,107256,107585,+,39,174
YFL016C,chrVI,104701,106236,-,17,78
YFL018C,chrVI,101628,103127,-,93,59
YFL022C,chrVI,93499,95010,-,76,78
YFL024C,chrVI,87847,90345,-,432,144
YFL028C,chrVI,79344,80213,-,27,56
YFL034C-A,chrVI,64243,64932,-,31,60
YFL036W,chrVI,58782,62837,+,190,61
YFL037W,chrVI,56336,57709,+,66,226
YFL038C,chrVI,55366,55986,-,52,95
YFL039C,chrVI,53260,54696,-,128,82
YFL041W,chrVI,49139,51007,+,13,173
YFL045C,chrVI,43628,44392,-,87,133
YFL048C,chrVI,38843,40180,-,17,93
YFR001W,chrVI,149110,149724,+,43,76
YFR002W,chrVI,150016,152535,+,16,83
YFR004W,chrVI,153393,154313,+,37,59
YFR009W,chrVI,162488,164746,+,61,71
YFR010W,chrVI,165067,166566,+,83,92
YFR015C,chrVI,174265,176391,-,70,112
YFR024C-A,chrVI,201960,203433,-,24,129
YFR028C,chrVI,208413,210068,-,33,60
YFR030W,chrVI,213312,216419,+,55,47
YFR032C-A,chrVI,223258,223771,-,334,74
YFR033C,chrVI,224326,224769,-,109,122
YFR037C,chrVI,227513,229186,-,26,92
YFR040W,chrVI,234242,237250,+,80,101
YFR041C,chrVI,237368,238255,-,40,92
YFR044C,chrVI,239992,241437,-,19,28
YFR049W,chrVI,248523,248894,+,160,120
YFR050C,chrVI,249066,249866,-,40,118
YFR051C,chrVI,250163,251803,-,42,51
YFR052W,chrVI,252505,253329,+,32,209
YFR053C,chrVI,253592,255049,-,89,148
YGL001C,chrVII,495453,496502,-,57,100
YGL006W,chrVII,485921,489442,+,275,135
YGL008C,chrVII,479910,482666,-,237,492
YGL009C,chrVII,476313,478652,-,69,119
YGL011C,chrVII,474489,475247,-,17,103
YGL012W,chrVII,472855,474276,+,26,104
YGL013C,chrVII,469092,472298,-,61,16
YGL014W,chrVII,466141,468807,+,381,77
YGL019W,chrVII,458156,458992,+,71,99
YGL020C,chrVII,457163,457870,-,52,54
YGL022W,chrVII,452404,454560,+,58,81
YGL026C,chrVII,446412,448535,-,31,58
YGL027C,chrVII,443642,446143,-,49,68
YGL030W,chrVII,439091,439638,+,46,100
YGL037C,chrVII,427297,427947,-,55,116
YGL040C,chrVII,419527,420555,-,78,183
YGL043W,chrVII,417483,418412,+,23,231
YGL048C,chrVII,410069,411286,-,20,70
YGL049C,chrVII,406860,409604,-,161,158
YGL054C,chrVII,400871,401287,-,69,16
YGL055W,chrVII,398628,400160,+,94,225
YGL056C,chrVII,396035,397618,-,47,117
YGL057C,chrVII,394966,395829,-,41,165
YGL062W,chrVII,385196,388732,+,235,235
YGL068W,chrVII,375087,375671,+,48,110
YGL070C,chrVII,374459,374827,-,22,307
YGL078C,chrVII,360288,361859,-,77,169
YGL080W,chrVII,358636,359028,+,62,256
YGL082W,chrVII,355827,356972,+,79,156
YGL084C,chrVII,350616,352298,-,65,84
YGL086W,chrVII,347119,349368,+,3,51
YGL087C,chrVII,346406,346904,-,48,83
YGL092W,chrVII,337906,341859,+,75,22
YGL097W,chrVII,321782,323230,+,58,82
YGL099W,chrVII,314631,316553,+,40,43
YGL103W,chrVII,310967,311927,+,18,86
YGL105W,chrVII,307437,308567,+,43,102
YGL106W,chrVII,306560,307009,+,19,249
YGL111W,chrVII,299978,301369,+,19,152
YGL113W,chrVII,295932,297938,+,89,226
YGL115W,chrVII,292033,293001,+,122,82
YGL120C,chrVII,281634,283937,-,54,84
YGL122C,chrVII,278946,280523,-,15,223
YGL123W,chrVII,277617,278381,+,99,88
YGL125W,chrVII,272520,274322,+,223,434
YGL137W,chrVII,249869,252738,+,20,190
YGL139W,chrVII,245716,248124,+,85,325
YGL147C,chrVII,227754,228329,-,18,98
YGL148W,chrVII,226399,227529,+,29,105
YGL156W,chrVII,210416,213667,+,75,130
YGL157W,chrVII,209006,210049,+,43,85
YGL161C,chrVII,199210,200142,-,95,132
YGL167C,chrVII,187616,190468,-,129,129
YGL173C,chrVII,175527,180113,-,333,124
YGL187C,chrVII,149704,150525,-,484,244
YGL190C,chrVII,145809,147389,-,411,103
YGL191W,chrVII,144808,145197,+,62,246
YGL195W,chrVII,131525,139543,+,30,96
YGL200C,chrVII,122694,123305,-,49,83
YGL202W,chrVII,116059,117561,+,119,69
YGL206C,chrVII,102543,107504,-,56,270
YGL207W,chrVII,98969,102076,+,94,126
YGL210W,chrVII,93792,94460,+,24,108
YGL221C,chrVII,81426,82292,-,340,80
YGL224C,chrVII,78015,78857,-,160,55
YGL228W,chrVII,67598,69331,+,41,146
YGL229C,chrVII,64503,66959,-,230,7
YGL231C,chrVII,63048,63620,-,18,39
YGL234W,chrVII,56482,58890,+,56,88
YGL244W,chrVII,41498,43174,+,47,111
YGL245W,chrVII,39023,41149,+,19,62
YGL248W,chrVII,35653,36762,+,46,56
YGL252C,chrVII,25718,27484,-,24,217
YGL253W,chrVII,23935,25395,+,34,188
YGR001C,chrVII,497133,498034,-,9,44
YGR016W,chrVII,522261,522833,+,81,178
YGR019W,chrVII,525229,526644,+,123,12
YGR020C,chrVII,526973,527329,-,53,131
YGR028W,chrVII,542203,543291,+,14,131
YGR032W,chrVII,548264,553951,+,473,85
YGR033C,chrVII,554248,554967,-,86,246
YGR037C,chrVII,559731,559994,-,40,156
YGR043C,chrVII,580435,581436,-,148,141
YGR049W,chrVII,591314,591877,+,146,215
YGR054W,chrVII,596693,598621,+,147,76
YGR055W,chrVII,599417,601141,+,34,111
YGR060W,chrVII,610564,611493,+,72,49
YGR061C,chrVII,611889,615965,-,124,274
YGR065C,chrVII,618077,619858,-,125,85
YGR080W,chrVII,642010,643008,+,6,72
YGR082W,chrVII,644044,644595,+,48,149
YGR083C,chrVII,644860,646815,-,64,223
YGR086C,chrVII,649598,650617,-,109,242
YGR088W,chrVII,654634,656322,+,112,78
YGR090W,chrVII,662358,666071,+,166,66
YGR094W,chrVII,672186,675500,+,82,82
YGR098C,chrVII,682566,687458,-,245,155
YGR100W,chrVII,690245,693097,+,100,71
YGR103W,chrVII,695417,697234,+,19,167
YGR106C,chrVII,698989,699786,-,46,85
YGR116W,chrVII,720409,724764,+,53,104
YGR124W,chrVII,739944,741662,+,17,113
YGR128C,chrVII,747950,750091,-,18,60
YGR130C,chrVII,751394,753844,-,106,161
YGR132C,chrVII,755589,756452,-,49,288
YGR135W,chrVII,761392,762168,+,61,81
YGR145W,chrVII,781767,783890,+,48,35
YGR148C,chrVII,787312,788178,-,420,135
YGR152C,chrVII,794674,795492,-,111,10
YGR155W,chrVII,798543,800066,+,24,133
YGR157W,chrVII,802440,805049,+,215,107
YGR162W,chrVII,824059,826917,+,50,152
YGR163W,chrVII,827552,828577,+,56,63
YGR173W,chrVII,843854,844960,+,44,215
YGR175C,chrVII,846933,848423,-,64,159
YGR180C,chrVII,855264,856301,-,194,82
YGR185C,chrVII,866336,867520,-,33,71
YGR186W,chrVII,867774,869981,+,19,53
YGR189C,chrVII,876669,878192,-,71,58
YGR192C,chrVII,882812,883810,-,41,89
YGR193C,chrVII,884509,885741,-,93,83
YGR200C,chrVII,899904,902270,-,61,45
YGR201C,chrVII,902520,903197,-,81,33
YGR202C,chrVII,903474,904748,-,130,113
YGR204W,chrVII,905934,908774,+,33,88
YGR207C,chrVII,910843,911628,-,26,85
YGR209C,chrVII,912913,913227,-,37,61
YGR210C,chrVII,913503,914738,-,111,82
YGR211W,chrVII,915241,916701,+,58,200
YGR215W,chrVII,922175,922507,+,50,116
YGR218W,chrVII,932541,935795,+,290,198
YGR220C,chrVII,936074,936883,-,66,46
YGR229C,chrVII,949382,950899,-,260,169
YGR231C,chrVII,952548,953480,-,22,201
YGR233C,chrVII,954674,958210,-,95,39
YGR234W,chrVII,959904,961103,+,21,270
YGR235C,chrVII,961360,962061,-,48,88
YGR240C,chrVII,970771,973734,-,224,205
YGR244C,chrVII,978036,979319,-,98,92
YGR248W,chrVII,985972,986739,+,35,96
YGR250C,chrVII,991176,993521,-,183,94
YGR253C,chrVII,998358,999140,-,45,40
YGR254W,chrVII,1000927,1002240,+,39,152
YGR261C,chrVII,1014321,1016750,-,37,66
YGR262C,chrVII,1016974,1017759,-,25,82
YGR264C,chrVII,1019598,1021853,-,53,178
YGR266W,chrVII,1022656,1024761,+,68,229
YGR267C,chrVII,1025004,1025735,-,213,62
YGR270W,chrVII,1027370,1031509,+,492,56
YGR279C,chrVII,1048798,1049958,-,81,0
YGR282C,chrVII,1057783,1058724,-,23,176
YGR284C,chrVII,1060658,1061590,-,42,162
YGR285C,chrVII,1061852,1063153,-,14,45
YGR286C,chrVII,1063813,1064940,-,269,136
YHL004W,chrVIII,99219,100403,+,81,102
YHL011C,chrVIII,80654,81616,-,94,121
YHL015W,chrVIII,75412,75777,+,25,295
YHL021C,chrVIII,64462,65859,-,38,61
YHL033C,chrVIII,35255,36025,-,9,468
YHL034C,chrVIII,33193,34077,-,112,129
YHR001W,chrVIII,106055,107368,+,321,69
YHR005C,chrVIII,113499,114917,-,84,80
YHR007C,chrVIII,120091,121683,-,130,248
YHR008C,chrVIII,122889,123590,-,83,110
YHR012W,chrVIII,129481,130448,+,155,328
YHR013C,chrVIII,130730,131446,-,43,83
YHR017W,chrVIII,138694,139851,+,27,76
YHR018C,chrVIII,140011,141402,-,41,149
YHR019C,chrVIII,141894,143558,-,43,58
YHR020W,chrVIII,143996,146062,+,108,86
YHR023W,chrVIII,151666,157452,+,250,104
YHR027C,chrVIII,161730,164711,-,48,232
YHR030C,chrVIII,168890,170344,-,80,126
YHR031C,chrVIII,170799,172970,-,16,102
YHR039C,chrVIII,184875,186809,-,86,76
YHR039C-A,chrVIII,187173,187679,-,16,54
YHR040W,chrVIII,187924,189024,+,17,105
YHR042W,chrVIII,190543,192618,+,32,126
YHR051W,chrVIII,209705,210151,+,51,453
YHR052W,chrVIII,210848,211978,+,27,133
YHR064C,chrVIII,225525,227141,-,31,72
YHR069C,chrVIII,233579,234658,-,7,116
YHR072W,chrVIII,239098,241293,+,83,94
YHR072W-A,chrVIII,241664,241840,+,59,160
YHR073W,chrVIII,242582,245572,+,80,146
YHR074W,chrVIII,246193,248337,+,24,113
YHR080C,chrVIII,262801,266838,-,206,48
YHR083W,chrVIII,272627,273616,+,9,87
YHR088W,chrVIII,281495,282382,+,30,95
YHR089C,chrVIII,282681,283298,-,54,169
YHR092C,chrVIII,287081,288811,-,75,163
YHR097C,chrVIII,297385,298609,-,12,104
YHR099W,chrVIII,302761,313995,+,139,861
YHR104W,chrVIII,323409,324392,+,89,139
YHR107C,chrVIII,326813,328036,-,49,168
YHR108W,chrVIII,328303,330060,+,58,142
YHR113W,chrVIII,336337,337809,+,16,97
YHR114W,chrVIII,338083,339984,+,47,141
YHR121W,chrVIII,352756,353319,+,68,99
YHR127W,chrVIII,360913,361644,+,27,171
YHR128W,chrVIII,362115,362765,+,60,221
YHR135C,chrVIII,372694,374310,-,111,82
YHR146W,chrVIII,390300,391697,+,26,48
YHR147C,chrVIII,392639,393283,-,36,118
YHR163W,chrVIII,423724,424473,+,45,140
YHR170W,chrVIII,443828,445384,+,52,101
YHR174W,chrVIII,451327,452640,+,122,119
YHR183W,chrVIII,470960,472429,+,78,121
YHR188C,chrVIII,482005,483837,-,41,48
YHR190W,chrVIII,484845,486179,+,50,100
YHR192W,chrVIII,486826,487662,+,26,78
YHR193C,chrVIII,487712,488236,-,18,44
YHR197W,chrVIII,493896,496187,+,6,107
YHR200W,chrVIII,499079,499885,+,32,67
YHR201C,chrVIII,499950,501143,-,17,131
YHR208W,chrVIII,517532,518713,+,23,156
YIL003W,chrIX,349122,350003,+,31,90
YIL005W,chrIX,345692,347797,+,144,189
YIL022W,chrIX,311165,312460,+,111,225
YIL027C,chrIX,303679,304104,-,59,64
YIL033C,chrIX,290419,291669,-,95,108
YIL034C,chrIX,289226,290089,-,15,52
YIL035C,chrIX,287790,288908,-,112,88
YIL039W,chrIX,278426,279847,+,42,99
YIL041W,chrIX,276525,277505,+,23,87
YIL043C,chrIX,274072,274926,-,12,84
YIL051C,chrIX,257843,258280,-,34,93
YIL053W,chrIX,255115,255867,+,18,160
YIL062C,chrIX,243998,244462,-,29,56
YIL063C,chrIX,242761,243744,-,30,16
YIL065C,chrIX,241308,241775,-,51,53
YIL070C,chrIX,230272,231072,-,33,103
YIL074C,chrIX,221081,222490,-,114,27
YIL075C,chrIX,217863,220700,-,53,75
YIL076W,chrIX,216658,217548,+,11,165
YIL078W,chrIX,212499,214703,+,38,75
YIL083C,chrIX,203556,204653,-,90,96
YIL093C,chrIX,187990,188784,-,68,177
YIL094C,chrIX,186517,187632,-,64,27
YIL108W,chrIX,160887,162977,+,94,128
YIL109C,chrIX,157385,160165,-,89,96
YIL116W,chrIX,142928,144085,+,21,95
YIL118W,chrIX,139752,140447,+,105,157
YIL124W,chrIX,126204,127097,+,48,102
YIL125W,chrIX,122689,125733,+,59,154
YIL126W,chrIX,117992,122071,+,71,130
YIL133C,chrIX,98527,99416,-,38,79
YIL136W,chrIX,93619,94800,+,113,85
YIL137C,chrIX,89948,92788,-,50,46
YIL143C,chrIX,80510,83041,-,33,139
YIL157C,chrIX,46949,47542,-,62,176
YIL162W,chrIX,37385,38983,+,218,17
YIR004W,chrIX,363221,364519,+,18,110
YIR006C,chrIX,365466,369908,-,48,102
YIR008C,chrIX,373077,374306,-,14,42
YIR031C,chrIX,413015,414679,-,75,33
YIR034C,chrIX,419615,420736,-,36,27
YIR035C,chrIX,421026,421790,-,41,41
YIR037W,chrIX,423128,423619,+,46,92
YIR038C,chrIX,423809,424513,-,26,97
YJL001W,chrX,435163,435926,+,41,114
YJL002C,chrX,433221,434651,-,41,80
YJL005W,chrX,425157,431237,+,156,213
YJL008C,chrX,419957,421663,-,26,128
YJL010C,chrX,417562,419562,-,22,61
YJL011C,chrX,414285,414770,-,45,126
YJL012C,chrX,411234,413399,-,32,48
YJL014W,chrX,407558,409162,+,32,122
YJL020C,chrX,398937,402410,-,74,122
YJL026W,chrX,392404,393603,+,42,137
YJL034W,chrX,381327,383375,+,39,198
YJL039C,chrX,368748,373799,-,17,179
YJL041W,chrX,365784,368373,+,58,130
YJL042W,chrX,361249,365445,+,78,123
YJL052W,chrX,338271,339269,+,75,131
YJL055W,chrX,333357,334094,+,21,63
YJL060W,chrX,323386,324720,+,61,90
YJL063C,chrX,315759,316475,-,30,59
YJL080C,chrX,285558,289226,-,183,82
YJL081C,chrX,283802,285271,-,30,123
YJL082W,chrX,281185,283380,+,117,220
YJL097W,chrX,245591,246244,+,44,56
YJL104W,chrX,227327,227776,+,30,169
YJL109C,chrX,212000,217309,-,38,50
YJL111W,chrX,207877,209529,+,166,130
YJL115W,chrX,196287,197126,+,64,83
YJL117W,chrX,192531,193466,+,139,19
YJL123C,chrX,188004,189440,-,26,19
YJL124C,chrX,187126,187644,-,158,204
YJL125C,chrX,185528,186679,-,33,102
YJL128C,chrX,178097,180103,-,193,22
YJL130C,chrX,165723,172752,-,624,77
YJL136C,chrX,156550,157273,-,21,120
YJL140W,chrX,150961,151626,+,84,52
YJL141C,chrX,147967,150390,-,89,129
YJL145W,chrX,145160,146044,+,40,66
YJL154C,chrX,131101,133935,-,55,28
YJL158C,chrX,122265,122948,-,27,165
YJL164C,chrX,109966,111159,-,180,89
YJL166W,chrX,106434,106718,+,95,170
YJL167W,chrX,105014,106072,+,57,95
YJL171C,chrX,99704,100894,-,39,178
YJL172W,chrX,97737,99467,+,26,141
YJL174W,chrX,95092,95922,+,116,171
YJL176C,chrX,92053,94530,-,64,59
YJL183W,chrX,84068,85336,+,76,65
YJL196C,chrX,67850,68782,-,45,110
YJL198W,chrX,60844,63489,+,163,80
YJL200C,chrX,56444,58813,-,41,131
YJL212C,chrX,33850,36249,-,32,100
YJR006W,chrX,449202,450665,+,5,58
YJR007W,chrX,451020,451934,+,86,169
YJR009C,chrX,453683,454681,-,33,97
YJR010W,chrX,456239,457774,+,90,151
YJR016C,chrX,464451,466208,-,17,135
YJR045C,chrX,519638,521602,-,140,197
YJR048W,chrX,526335,526664,+,50,892
YJR052W,chrX,532062,533759,+,41,53
YJR059W,chrX,545787,548243,+,60,126
YJR064W,chrX,555914,557602,+,48,45
YJR065C,chrX,557809,559158,-,16,124
YJR072C,chrX,570967,572124,-,34,29
YJR073C,chrX,572315,572935,-,31,59
YJR075W,chrX,573981,575171,+,48,199
YJR077C,chrX,577255,578190,-,48,227
YJR080C,chrX,580432,581616,-,36,107
YJR085C,chrX,585120,585437,-,24,44
YJR088C,chrX,586495,587373,-,30,106
YJR096W,chrX,611195,612043,+,122,81
YJR101W,chrX,618234,619034,+,81,145
YJR103W,chrX,620754,622490,+,103,98
YJR104C,chrX,622550,623014,-,29,48
YJR105W,chrX,623581,624603,+,35,45
YJR106W,chrX,624838,627015,+,46,242
YJR109C,chrX,629585,632941,-,89,80
YJR117W,chrX,642007,643368,+,31,101
YJR123W,chrX,651901,652578,+,37,129
YJR125C,chrX,654737,655963,-,61,64
YJR132W,chrX,669522,672668,+,94,147
YJR133W,chrX,672991,673620,+,90,107
YJR137C,chrX,678957,683285,-,81,26
YJR139C,chrX,689445,690524,-,87,41
YJR143C,chrX,698326,700614,-,67,107
YJR144W,chrX,700882,701691,+,22,69
YKL001C,chrXI,438777,439385,-,30,51
YKL006C-A,chrXI,430198,430632,-,31,41
YKL007W,chrXI,429302,430108,+,20,140
YKL009W,chrXI,426242,426952,+,41,95
YKL013C,chrXI,417508,418023,-,33,148
YKL016C,chrXI,407465,407989,-,67,71
YKL024C,chrXI,392526,393140,-,226,82
YKL029C,chrXI,382716,384725,-,36,9
YKL033W-A,chrXI,374505,375215,+,88,71
YKL034W,chrXI,371829,374105,+,3,114
YKL035W,chrXI,369891,371390,+,72,170
YKL039W,chrXI,362622,364193,+,140,254
YKL056C,chrXI,334412,334915,-,109,152
YKL057C,chrXI,330856,333969,-,34,38
YKL060C,chrXI,326408,327487,-,11,28
YKL065C,chrXI,316437,317057,-,31,29
YKL067W,chrXI,314812,315273,+,57,195
YKL072W,chrXI,299582,301882,+,206,156
YKL073W,chrXI,296430,299075,+,92,95
YKL077W,chrXI,291453,292631,+,53,258
YKL079W,chrXI,286603,288573,+,170,70
YKL080W,chrXI,285030,286208,+,92,30
YKL081W,chrXI,282891,284455,+,28,207
YKL085W,chrXI,279123,280127,+,116,390
YKL094W,chrXI,263349,264290,+,24,91
YKL100C,chrXI,253697,255460,-,25,86
YKL103C,chrXI,246138,247682,-,64,154
YKL104C,chrXI,243220,245373,-,186,209
YKL110C,chrXI,228939,229880,-,176,119
YKL113C,chrXI,224727,225875,-,149,105
YKL117W,chrXI,220324,220974,+,25,151
YKL120W,chrXI,217344,218318,+,78,196
YKL122C,chrXI,212495,212998,-,31,58
YKL126W,chrXI,205707,207749,+,190,60
YKL127W,chrXI,203541,205253,+,20,144
YKL129C,chrXI,196349,200167,-,31,156
YKL142W,chrXI,178515,179174,+,51,138
YKL145W,chrXI,174213,175616,+,62,152
YKL146W,chrXI,171783,173861,+,21,83
YKL148C,chrXI,169207,171129,-,173,185
YKL150W,chrXI,166400,167452,+,145,109
YKL151C,chrXI,164917,165930,-,239,100
YKL152C,chrXI,163642,164385,-,11,117
YKL157W,chrXI,154991,158232,+,28,198
YKL165C,chrXI,137932,140691,-,42,56
YKL167C,chrXI,133721,134134,-,16,123
YKL172W,chrXI,125759,127042,+,15,101
YKL181W,chrXI,107316,108599,+,148,121
YKL182W,chrXI,100671,106826,+,321,87
YKL186C,chrXI,92744,93465,-,357,87
YKL190W,chrXI,82947,83550,+,33,170
YKL193C,chrXI,78866,79882,-,29,83
YKL195W,chrXI,75821,77032,+,22,130
YKL196C,chrXI,74932,75534,-,53,121
YKL204W,chrXI,53704,55602,+,18,148
YKL210W,chrXI,39163,42237,+,40,97
YKL211C,chrXI,36699,38153,-,72,108
YKL212W,chrXI,34543,36414,+,162,270
YKL213C,chrXI,31960,34107,-,35,54
YKL214C,chrXI,31082,31693,-,56,40
YKL215C,chrXI,26827,30687,-,56,163
YKR001C,chrXI,440608,442722,-,54,100
YKR003W,chrXI,445381,446727,+,87,41
YKR008W,chrXI,452201,454078,+,17,85
YKR014C,chrXI,465367,466071,-,132,96
YKR016W,chrXI,469717,471339,+,25,228
YKR018C,chrXI,473723,475900,-,52,127
YKR035W-A,chrXI,507939,508553,+,18,123
YKR039W,chrXI,515063,516871,+,44,232
YKR048C,chrXI,525387,526640,-,14,109
YKR049C,chrXI,526830,527231,-,9,41
YKR055W,chrXI,548216,549091,+,37,290
YKR057W,chrXI,551657,552242,+,33,180
YKR058W,chrXI,552770,554620,+,157,108
YKR062W,chrXI,559666,560652,+,54,125
YKR065C,chrXI,565299,565892,-,13,95
YKR066C,chrXI,566113,567198,-,20,104
YKR067W,chrXI,567918,570149,+,67,157
YKR068C,chrXI,570328,570909,-,42,145
YKR080W,chrXI,590395,591357,+,151,151
YKR081C,chrXI,591506,592540,-,41,63
YKR082W,chrXI,592825,596298,+,49,53
YKR084C,chrXI,597055,598890,-,24,99
YKR092C,chrXI,612665,613885,-,30,118
YLL001W,chrXII,147890,150163,+,29,176
YLL005C,chrXII,137940,140546,-,63,0
YLL008W,chrXII,131729,133987,+,27,110
YLL011W,chrXII,127523,128992,+,19,246
YLL018C,chrXII,109902,111575,-,27,130
YLL021W,chrXII,100947,105347,+,135,113
YLL024C,chrXII,95566,97485,-,24,113
YLL026W,chrXII,88623,91349,+,40,92
YLL029W,chrXII,81461,83710,+,128,97
YLL034C,chrXII,70633,73146,-,40,103
YLL036C,chrXII,66745,68256,-,45,37
YLL040C,chrXII,54211,63645,-,100,53
YLL041C,chrXII,53131,53931,-,53,259
YLL045C,chrXII,47859,48629,-,25,53
YLL048C,chrXII,41280,46265,-,179,78
YLL050C,chrXII,39804,40414,-,13,102
YLR003C,chrXII,156855,157730,-,38,64
YLR008C,chrXII,165577,166083,-,84,179
YLR019W,chrXII,180288,181481,+,206,22
YLR025W,chrXII,194452,195174,+,66,119
YLR027C,chrXII,196829,198085,-,26,21
YLR028C,chrXII,199540,201315,-,191,69
YLR029C,chrXII,201976,202590,-,26,68
YLR033W,chrXII,208761,210269,+,54,195
YLR038C,chrXII,224921,225172,-,79,291
YLR043C,chrXII,231702,232013,-,34,70
YLR044C,chrXII,232390,234081,-,32,54
YLR048W,chrXII,242232,243349,+,200,217
YLR056W,chrXII,253861,254958,+,62,122
YLR058C,chrXII,257992,259401,-,28,128
YLR060W,chrXII,260979,262766,+,187,107
YLR061W,chrXII,263194,263948,+,20,87
YLR069C,chrXII,271630,273915,-,16,145
YLR075W,chrXII,282927,283592,+,28,120
YLR083C,chrXII,294091,296094,-,77,87
YLR084C,chrXII,296589,300251,-,31,59
YLR086W,chrXII,302243,306499,+,41,330
YLR088W,chrXII,316107,317951,+,41,172
YLR093C,chrXII,326513,327415,-,72,17
YLR096W,chrXII,332590,336033,+,526,158
YLR100W,chrXII,341810,342853,+,32,81
YLR106C,chrXII,349006,363738,-,129,151
YLR109W,chrXII,368781,369311,+,29,70
YLR113W,chrXII,371620,372927,+,323,130
YLR118C,chrXII,384725,385408,-,35,81
YLR120C,chrXII,386511,388220,-,150,321
YLR129W,chrXII,399657,402488,+,102,108
YLR134W,chrXII,410723,412414,+,138,99
YLR147C,chrXII,434158,434463,-,14,97
YLR153C,chrXII,445524,447575,-,56,236
YLR167W,chrXII,498947,499405,+,59,50
YLR175W,chrXII,506134,507585,+,18,124
YLR178C,chrXII,513162,513821,-,52,80
YLR179C,chrXII,514108,514713,-,35,64
YLR180W,chrXII,515262,516410,+,57,247
YLR185W,chrXII,522663,523288,+,19,99
YLR186W,chrXII,523632,524390,+,46,78
YLR189C,chrXII,530797,534393,-,76,113
YLR192C,chrXII,538792,539589,-,62,214
YLR196W,chrXII,543968,545698,+,74,131
YLR197W,chrXII,546097,547611,+,38,188
YLR199C,chrXII,547853,548769,-,38,163
YLR203C,chrXII,550650,551960,-,65,97
YLR206W,chrXII,554578,556419,+,105,42
YLR208W,chrXII,559551,560444,+,117,245
YLR214W,chrXII,568567,570627,+,131,133
YLR216C,chrXII,572096,573211,-,33,31
YLR220W,chrXII,576825,577793,+,119,46
YLR244C,chrXII,625168,626331,-,129,30
YLR248W,chrXII,634252,636084,+,132,145
YLR249W,chrXII,636780,639914,+,42,86
YLR253W,chrXII,642627,644336,+,96,93
YLR258W,chrXII,660716,662833,+,67,361
YLR259C,chrXII,663284,665002,-,36,71
YLR262C-A,chrXII,669468,669662,-,16,79
YLR268W,chrXII,680200,680844,+,48,107
YLR275W,chrXII,694378,694800,+,44,45
YLR276C,chrXII,695046,696830,-,108,85
YLR291C,chrXII,718317,719462,-,26,114
YLR295C,chrXII,721999,722373,-,36,239
YLR300W,chrXII,728955,730301,+,105,217
YLR304C,chrXII,735212,737548,-,40,274
YLR305C,chrXII,738161,743863,-,14,37
YLR312W-A,chrXII,759480,760241,+,31,111
YLR314C,chrXII,762575,764137,-,71,82
YLR325C,chrXII,781143,781379,-,23,218
YLR328W,chrXII,784913,786118,+,193,161
YLR330W,chrXII,787664,789679,+,13,146
YLR340W,chrXII,805887,806825,+,62,86
YLR342W,chrXII,809997,815627,+,258,249
YLR345W,chrXII,820511,822040,+,69,366
YLR347C,chrXII,823828,826413,-,148,247
YLR354C,chrXII,836350,837357,-,42,97
YLR355C,chrXII,838066,839253,-,62,195
YLR357W,chrXII,841331,844000,+,38,189
YLR359W,chrXII,844282,845730,+,59,135
YLR364W,chrXII,854062,854391,+,39,55
YLR370C,chrXII,861718,862254,-,31,138
YLR372W,chrXII,867354,868391,+,128,119
YLR378C,chrXII,875736,877178,-,206,144
YLR380W,chrXII,878282,879508,+,81,132
YLR383W,chrXII,885288,888632,+,56,45
YLR384C,chrXII,888851,892900,-,60,66
YLR388W,chrXII,898158,898821,+,494,75
YLR390W-A,chrXII,903724,904440,+,39,222
YLR395C,chrXII,909729,909965,-,53,273
YLR406C,chrXII,931065,931755,-,27,165
YLR409C,chrXII,934414,937233,-,28,30
YLR410W,chrXII,937541,940981,+,46,80
YLR418C,chrXII,956914,958095,-,43,307
YLR419W,chrXII,958428,962735,+,30,98
YLR432W,chrXII,1002557,1004128,+,115,58
YLR439W,chrXII,1014491,1015450,+,49,141
YLR441C,chrXII,1018141,1018908,-,21,185
YLR447C,chrXII,1026856,1027893,-,43,135
YLR448W,chrXII,1028854,1029768,+,64,249
YLR449W,chrXII,1030834,1032012,+,27,90
YLR450W,chrXII,1032627,1035764,+,156,81
YLR454W,chrXII,1043998,1051884,+,94,74
YML001W,chrXIII,267174,267800,+,84,55
YML008C,chrXIII,251839,252990,-,35,65
YML010W,chrXIII,247677,250868,+,41,43
YML012W,chrXIII,246116,246751,+,47,127
YML022W,chrXIII,228937,229500,+,38,211
YML025C,chrXIII,224406,225365,-,35,85
YML028W,chrXIII,220138,220728,+,31,108
YML030W,chrXIII,216435,216914,+,35,213
YML035C,chrXIII,206428,208860,-,143,18
YML036W,chrXIII,205642,206293,+,23,250
YML048W,chrXIII,178426,179637,+,33,195
YML051W,chrXIII,171594,172901,+,55,102
YML052W,chrXIII,170402,171310,+,33,87
YML055W,chrXIII,164790,165326,+,30,45
YML056C,chrXIII,162194,164176,-,309,51
YML061C,chrXIII,148953,151532,-,63,49
YML063W,chrXIII,146482,147249,+,27,66
YML069W,chrXIII,135500,137158,+,65,78
YML070W,chrXIII,133475,135229,+,61,65
YML072C,chrXIII,124730,129367,-,157,136
YML073C,chrXIII,123227,124172,-,25,53
YML074C,chrXIII,120089,121324,-,41,84
YML075C,chrXIII,115734,118898,-,81,145
YML081C-A,chrXIII,103983,104162,-,48,136
YML085C,chrXIII,97941,99400,-,31,149
YML086C,chrXIII,95791,97371,-,382,92
YML092C,chrXIII,85987,86739,-,22,79
YML099C,chrXIII,74398,77040,-,17,100
YML100W,chrXIII,70624,73920,+,49,116
YML105C,chrXIII,57866,58687,-,20,89
YML106W,chrXIII,56773,57453,+,219,150
YML110C,chrXIII,50031,50954,-,38,253
YML115C,chrXIII,40187,41794,-,46,30
YML120C,chrXIII,28266,29807,-,61,330
YML123C,chrXIII,24037,25800,-,32,114
YML124C,chrXIII,22048,23683,-,15,117
YML127W,chrXIII,17064,18809,+,49,980
YML128C,chrXIII,15135,16676,-,110,161
YML130C,chrXIII,11483,13174,-,72,66
YMR011W,chrXIII,288079,289704,+,40,120
YMR012W,chrXIII,291134,294967,+,125,137
YMR015C,chrXIII,300869,302485,-,180,138
YMR027W,chrXIII,325877,327289,+,68,46
YMR039C,chrXIII,348644,349522,-,88,156
YMR049C,chrXIII,368094,370517,-,36,33
YMR054W,chrXIII,383303,385975,+,52,81
YMR056C,chrXIII,387315,388244,-,68,97
YMR058W,chrXIII,388822,390732,+,43,147
YMR071C,chrXIII,410762,411265,-,44,49
YMR072W,chrXIII,411569,412120,+,31,133
YMR079W,chrXIII,424989,426059,+,32,329
YMR083W,chrXIII,434788,435915,+,65,96
YMR089C,chrXIII,445609,448086,-,116,182
YMR091C,chrXIII,450058,451365,-,33,50
YMR093W,chrXIII,454015,455556,+,65,102
YMR099C,chrXIII,463934,464827,-,24,67
YMR100W,chrXIII,466300,468162,+,356,203
YMR102C,chrXIII,469848,472352,-,358,95
YMR105C,chrXIII,475897,477606,-,60,126
YMR108W,chrXIII,484084,486147,+,207,187
YMR109W,chrXIII,486587,490246,+,25,83
YMR110C,chrXIII,490394,491992,-,32,132
YMR116C,chrXIII,499456,500688,-,30,132
YMR120C,chrXIII,507502,509280,-,36,145
YMR125W,chrXIII,517539,520446,+,77,140
YMR128W,chrXIII,523696,527499,+,28,65
YMR131C,chrXIII,533163,534698,-,93,46
YMR139W,chrXIII,546125,547237,+,212,97
YMR142C,chrXIII,550206,551207,-,16,73
YMR145C,chrXIII,554793,556475,-,68,31
YMR146C,chrXIII,557481,558524,-,39,86
YMR149W,chrXIII,560996,561856,+,65,94
YMR152W,chrXIII,563096,564193,+,71,74
YMR153W,chrXIII,564435,565862,+,40,150
YMR158W,chrXIII,572248,572715,+,44,84
YMR162C,chrXIII,578951,583921,-,146,414
YMR178W,chrXIII,618479,619303,+,29,154
YMR183C,chrXIII,626921,627808,-,68,87
YMR186W,chrXIII,632355,634472,+,23,93
YMR188C,chrXIII,636291,637004,-,60,96
YMR189W,chrXIII,637500,640604,+,152,85
YMR193W,chrXIII,650036,650812,+,18,114
YMR198W,chrXIII,659745,661529,+,58,114
YMR203W,chrXIII,668492,669655,+,55,221
YMR205C,chrXIII,671887,674766,-,65,292
YMR207C,chrXIII,677193,683564,-,101,23
YMR214W,chrXIII,695350,696483,+,18,181
YMR215W,chrXIII,696796,698370,+,20,129
YMR217W,chrXIII,701790,703367,+,42,84
YMR220W,chrXIII,712316,713671,+,88,75
YMR221C,chrXIII,713931,715445,-,50,61
YMR226C,chrXIII,721593,722396,-,31,37
YMR229C,chrXIII,725934,731123,-,107,82
YMR235C,chrXIII,741512,742735,-,25,137
YMR237W,chrXIII,743749,745923,+,51,166
YMR238W,chrXIII,746353,747729,+,127,92
YMR241W,chrXIII,751961,752905,+,136,44
YMR246W,chrXIII,759807,761891,+,228,173
YMR247C,chrXIII,763351,768039,-,71,50
YMR250W,chrXIII,770801,772558,+,39,105
YMR255W,chrXIII,778001,778567,+,34,110
YMR256C,chrXIII,778945,779127,-,26,141
YMR261C,chrXIII,790205,793369,-,171,121
YMR264W,chrXIII,795805,796416,+,41,127
YMR266W,chrXIII,798518,801379,+,71,171
YMR267W,chrXIII,801772,802704,+,103,156
YMR272C,chrXIII,809623,810777,-,31,154
YMR295C,chrXIII,858297,858890,-,42,173
YMR296C,chrXIII,859215,860891,-,93,51
YMR297W,chrXIII,861922,863520,+,78,108
YMR298W,chrXIII,863819,864271,+,23,116
YMR300C,chrXIII,865559,867091,-,117,39
YMR301C,chrXIII,867555,869627,-,111,63
YMR302C,chrXIII,870073,872625,-,34,98
YMR303C,chrXIII,873291,874337,-,48,4
YMR304W,chrXIII,874987,878679,+,212,181
YMR307W,chrXIII,887003,888682,+,70,181
YMR308C,chrXIII,888952,892221,-,126,33
YMR309C,chrXIII,892988,895426,-,64,160
YMR314W,chrXIII,901709,902413,+,56,160
YMR315W,chrXIII,902800,903849,+,71,99
YNL002C,chrXIV,626174,627142,-,29,48
YNL003C,chrXIV,624975,625829,-,40,165
YNL004W,chrXIV,622915,624621,+,17,131
YNL005C,chrXIV,621313,622428,-,46,77
YNL007C,chrXIV,618507,619565,-,121,33
YNL010W,chrXIV,613635,614360,+,40,101
YNL015W,chrXIV,605384,605611,+,33,102
YNL016W,chrXIV,602907,604268,+,153,495
YNL026W,chrXIV,581920,583374,+,16,124
YNL035C,chrXIV,568522,569691,-,57,195
YNL036W,chrXIV,559814,560479,+,52,111
YNL037C,chrXIV,557920,559002,-,114,99
YNL040W,chrXIV,553380,554750,+,39,157
YNL044W,chrXIV,545268,545877,+,59,162
YNL046W,chrXIV,542304,542822,+,93,155
YNL048W,chrXIV,538173,539819,+,9,101
YNL052W,chrXIV,531725,532186,+,36,256
YNL055C,chrXIV,517994,518845,-,41,38
YNL061W,chrXIV,510540,512396,+,42,137
YNL064C,chrXIV,505868,507097,-,196,98
YNL067W,chrXIV,499681,500256,+,23,178
YNL069C,chrXIV,493956,495001,-,6,132
YNL070W,chrXIV,493366,493548,+,63,136
YNL071W,chrXIV,491523,492971,+,33,157
YNL076W,chrXIV,483556,485310,+,225,38
YNL079C,chrXIV,478566,479165,-,31,157
YNL085W,chrXIV,467131,469623,+,250,275
YNL088W,chrXIV,457704,461990,+,62,109
YNL090W,chrXIV,456565,457143,+,149,115
YNL096C,chrXIV,443398,444315,-,41,170
YNL099C,chrXIV,438567,439283,-,34,236
YNL110C,chrXIV,417826,418488,-,64,98
YNL111C,chrXIV,416940,417302,-,35,237
YNL112W,chrXIV,413639,416281,+,33,127
YNL115C,chrXIV,410119,412053,-,33,135
YNL118C,chrXIV,402652,405564,-,55,104
YNL121C,chrXIV,398684,400537,-,49,99
YNL131W,chrXIV,378767,379225,+,216,321
YNL132W,chrXIV,375321,378491,+,92,72
YNL134C,chrXIV,372451,373581,-,67,28
YNL135C,chrXIV,371882,372226,-,19,198
YNL137C,chrXIV,368595,370055,-,95,201
YNL138W,chrXIV,366741,368321,+,26,154
YNL144C,chrXIV,352820,355042,-,162,46
YNL149C,chrXIV,349367,349756,-,39,103
YNL154C,chrXIV,343636,345276,-,318,204
YNL160W,chrXIV,336545,337609,+,56,206
YNL168C,chrXIV,318030,318809,-,39,139
YNL178W,chrXIV,302680,303402,+,20,65
YNL183C,chrXIV,293137,295509,-,193,95
YNL185C,chrXIV,292193,292669,-,99,105
YNL186W,chrXIV,289498,291876,+,236,108
YNL189W,chrXIV,284260,285888,+,194,128
YNL200C,chrXIV,263713,264453,-,102,59
YNL201C,chrXIV,260627,263203,-,102,170
YNL207W,chrXIV,255353,256630,+,127,171
YNL209W,chrXIV,252059,253900,+,24,121
YNL216W,chrXIV,241689,244172,+,79,129
YNL219C,chrXIV,235996,237663,-,117,1192
YNL220W,chrXIV,234413,235714,+,86,95
YNL229C,chrXIV,219137,220201,-,209,128
YNL231C,chrXIV,215987,217042,-,264,54
YNL239W,chrXIV,200569,201933,+,105,95
YNL241C,chrXIV,196426,197943,-,75,179
YNL243W,chrXIV,188051,190957,+,50,61
YNL244C,chrXIV,187170,187496,-,25,121
YNL247W,chrXIV,182875,185178,+,17,112
YNL248C,chrXIV,181361,182608,-,40,195
YNL251C,chrXIV,172588,174315,-,258,55
YNL252C,chrXIV,171441,172286,-,11,116
YNL255C,chrXIV,167329,167790,-,14,259
YNL263C,chrXIV,146896,147840,-,145,103
YNL274C,chrXIV,121118,122170,-,54,79
YNL280C,chrXIV,109095,110411,-,75,82
YNL287W,chrXIV,91994,94801,+,190,236
YNL288W,chrXIV,90303,91424,+,142,138
YNL290W,chrXIV,86218,87240,+,223,90
YNL298W,chrXIV,68915,71443,+,136,178
YNL306W,chrXIV,58155,58808,+,19,93
YNL307C,chrXIV,56446,57573,-,167,322
YNL308C,chrXIV,54122,55897,-,38,117
YNL313C,chrXIV,45308,48022,-,8,59
YNL315C,chrXIV,43324,44280,-,10,56
YNL323W,chrXIV,31944,33188,+,52,144
YNL326C,chrXIV,27337,28347,-,50,153
YNR001C,chrXIV,629622,631061,-,104,100
YNR014W,chrXIV,652465,653103,+,180,156
YNR016C,chrXIV,654673,661374,-,545,80
YNR017W,chrXIV,662913,663581,+,209,140
YNR019W,chrXIV,665339,667267,+,25,92
YNR021W,chrXIV,668377,669591,+,21,186
YNR030W,chrXIV,678799,680454,+,70,149
YNR035C,chrXIV,693019,694047,-,21,46
YNR037C,chrXIV,695052,695327,-,17,90
YNR043W,chrXIV,701895,703085,+,14,143
YNR046W,chrXIV,707788,708195,+,38,114
YNR050C,chrXIV,714048,715388,-,106,88
YNR053C,chrXIV,721120,723112,-,32,89
YOL005C,chrXV,315813,316175,-,27,26
YOL010W,chrXV,307938,309041,+,67,101
YOL012C,chrXV,303579,303983,-,96,134
YOL016C,chrXV,294777,296120,-,35,99
YOL021C,chrXV,282421,285426,-,29,90
YOL025W,chrXV,274957,276939,+,49,48
YOL027C,chrXV,272003,273724,-,42,161
YOL038W,chrXV,255337,256101,+,33,68
YOL039W,chrXV,254297,254617,+,97,227
YOL040C,chrXV,253149,253577,-,33,67
YOL041C,chrXV,251267,252646,-,48,83
YOL058W,chrXV,219211,220473,+,73,131
YOL059W,chrXV,217126,218448,+,230,248
YOL060C,chrXV,214017,216137,-,100,257
YOL061W,chrXV,212244,213734,+,65,129
YOL077C,chrXV,185848,186723,-,46,49
YOL077W-A,chrXV,185438,185644,+,35,103
YOL078W,chrXV,181682,185212,+,39,25
YOL086C,chrXV,159548,160594,-,39,68
YOL088C,chrXV,153912,154745,-,76,123
YOL097C,chrXV,136527,137825,-,26,113
YOL111C,chrXV,108258,108896,-,136,30
YOL123W,chrXV,87844,89448,+,360,126
YOL127W,chrXV,80348,81190,+,13,81
YOL139C,chrXV,60383,61024,-,63,92
YOL144W,chrXV,53098,54552,+,79,41
YOL145C,chrXV,49555,52788,-,50,95
YOL151W,chrXV,43694,44722,+,71,18
YOR001W,chrXV,326832,329033,+,15,85
YOR007C,chrXV,338938,339978,-,40,73
YOR008C,chrXV,341278,342414,-,211,283
YOR020C,chrXV,370524,370844,-,24,79
YOR022C,chrXV,373710,375857,-,74,114
YOR027W,chrXV,381053,382822,+,185,90
YOR039W,chrXV,405768,406544,+,95,259
YOR043W,chrXV,410870,412330,+,70,142
YOR046C,chrXV,414459,415907,-,33,52
YOR061W,chrXV,441534,442553,+,134,205
YOR063W,chrXV,444686,445849,+,24,120
YOR065W,chrXV,447439,448368,+,289,328
YOR085W,chrXV,482033,483085,+,52,278
YOR086C,chrXV,483219,486779,-,181,116
YOR087W,chrXV,487707,489734,+,82,18
YOR089C,chrXV,490196,490828,-,44,22
YOR090C,chrXV,491123,492841,-,168,119
YOR091W,chrXV,493433,494470,+,62,66
YOR096W,chrXV,505794,506767,+,30,92
YOR099W,chrXV,511825,513006,+,69,88
YOR103C,chrXV,516449,516841,-,45,65
YOR109W,chrXV,525278,528601,+,92,71
YOR116C,chrXV,539763,544145,-,246,98
YOR117W,chrXV,545029,546333,+,63,137
YOR120W,chrXV,551114,552052,+,46,140
YOR125C,chrXV,559030,559731,-,50,115
YOR128C,chrXV,564476,566191,-,16,55
YOR131C,chrXV,572182,572838,-,65,133
YOR142W,chrXV,593057,594046,+,204,191
YOR151C,chrXV,612997,616671,-,257,39
YOR153W,chrXV,619840,624375,+,155,92
YOR155C,chrXV,626628,627980,-,197,55
YOR158W,chrXV,632164,633120,+,16,90
YOR165W,chrXV,644566,646896,+,13,159
YOR168W,chrXV,649303,651732,+,30,71
YOR171C,chrXV,652010,653884,-,69,161
YOR173W,chrXV,657264,658325,+,35,117
YOR176W,chrXV,662401,663582,+,113,119
YOR187W,chrXV,684030,685343,+,74,121
YOR195W,chrXV,712866,715331,+,72,227
YOR196C,chrXV,715593,716837,-,21,140
YOR197W,chrXV,717086,718384,+,17,53
YOR202W,chrXV,721946,722608,+,10,82
YOR204W,chrXV,722911,724725,+,21,722
YOR206W,chrXV,727512,729644,+,30,66
YOR210W,chrXV,738320,738532,+,32,293
YOR211C,chrXV,738924,741569,-,147,321
YOR212W,chrXV,742910,744181,+,164,124
YOR215C,chrXV,746725,747282,-,51,118
YOR216C,chrXV,747525,748979,-,36,88
YOR217W,chrXV,749301,751886,+,73,230
YOR220W,chrXV,755328,756125,+,35,164
YOR222W,chrXV,758330,759253,+,442,68
YOR224C,chrXV,760825,761265,-,23,69
YOR230W,chrXV,770800,772113,+,37,190
YOR234C,chrXV,778555,779405,-,20,72
YOR243C,chrXV,790211,792241,-,27,135
YOR251C,chrXV,802550,803464,-,52,68
YOR252W,chrXV,803667,804203,+,33,82
YOR253W,chrXV,804377,804907,+,19,114
YOR254C,chrXV,805032,807023,-,125,74
YOR259C,chrXV,812395,813708,-,21,46
YOR261C,chrXV,815915,816931,-,105,54
YOR270C,chrXV,828052,830574,-,163,106
YOR271C,chrXV,831059,832042,-,70,52
YOR272W,chrXV,832813,834195,+,48,70
YOR276W,chrXV,841333,841818,+,41,93
YOR285W,chrXV,849635,850054,+,13,69
YOR286W,chrXV,850280,850729,+,18,59
YOR288C,chrXV,852121,853077,-,35,61
YOR289W,chrXV,853357,854112,+,6,54
YOR294W,chrXV,868340,868951,+,47,150
YOR298C-A,chrXV,877230,877685,-,50,203
YOR304W,chrXV,884514,887876,+,176,85
YOR310C,chrXV,896825,898360,-,22,79
YOR317W,chrXV,909343,911445,+,163,231
YOR322C,chrXV,918606,921062,-,238,125
YOR326W,chrXV,925721,930445,+,192,152
YOR327C,chrXV,930734,931081,-,69,102
YOR332W,chrXV,943656,944357,+,32,70
YOR335C,chrXV,946233,949109,-,97,111
YOR336W,chrXV,949773,953870,+,97,139
YOR340C,chrXV,959202,960182,-,66,112
YOR341W,chrXV,960987,965981,+,102,282
YOR347C,chrXV,984942,986462,-,99,32
YOR352W,chrXV,997213,998244,+,53,72
YOR354C,chrXV,1001147,1003225,-,8,173
YOR356W,chrXV,1007221,1009116,+,81,118
YOR357C,chrXV,1009224,1009712,-,8,102
YOR358W,chrXV,1010161,1010889,+,64,277
YOR362C,chrXV,1017880,1018746,-,44,113
YOR369C,chrXV,1028194,1028625,-,69,85
YOR374W,chrXV,1039840,1041399,+,39,226
YOR375C,chrXV,1041678,1043042,-,57,81
YOR381W,chrXV,1055545,1057680,+,81,72
YPL004C,chrXVI,550632,551657,-,49,169
YPL006W,chrXVI,544631,548143,+,56,60
YPL009C,chrXVI,535820,538936,-,12,191
YPL010W,chrXVI,535018,535587,+,67,148
YPL012W,chrXVI,529723,533409,+,122,104
YPL013C,chrXVI,528985,529350,-,37,125
YPL019C,chrXVI,514511,517018,-,126,55
YPL028W,chrXVI,498096,499292,+,35,101
YPL030W,chrXVI,493543,495246,+,47,87
YPL036W,chrXVI,482843,485686,+,96,276
YPL037C,chrXVI,481428,481901,-,30,31
YPL045W,chrXVI,467260,469656,+,112,87
YPL048W,chrXVI,464401,465648,+,76,139
YPL050C,chrXVI,460779,461966,-,123,134
YPL053C,chrXVI,457118,458458,-,69,104
YPL061W,chrXVI,432588,434090,+,35,121
YPL063W,chrXVI,429939,431369,+,108,80
YPL074W,chrXVI,415763,418027,+,17,132
YPL078C,chrXVI,408010,408744,-,55,231
YPL079W,chrXVI,406636,407539,+,27,106
YPL082C,chrXVI,398480,404083,-,52,101
YPL087W,chrXVI,383455,384408,+,126,105
YPL088W,chrXVI,381965,382993,+,101,79
YPL091W,chrXVI,375502,376953,+,61,112
YPL093W,chrXVI,370978,372921,+,58,239
YPL094C,chrXVI,369839,370663,-,12,44
YPL103C,chrXVI,358000,359406,-,23,259
YPL105C,chrXVI,352863,355412,-,25,98
YPL106C,chrXVI,350194,352275,-,37,123
YPL111W,chrXVI,339944,340945,+,47,94
YPL112C,chrXVI,337436,338620,-,63,41
YPL116W,chrXVI,329606,331699,+,18,111
YPL118W,chrXVI,326628,327662,+,87,100
YPL123C,chrXVI,317641,318945,-,37,128
YPL126W,chrXVI,310210,312900,+,26,107
YPL127C,chrXVI,308828,309604,-,34,312
YPL129W,chrXVI,305298,306137,+,53,108
YPL131W,chrXVI,303121,304014,+,20,100
YPL141C,chrXVI,283464,286061,-,208,60
YPL145C,chrXVI,278395,279699,-,237,455
YPL154C,chrXVI,259714,260931,-,246,72
YPL158C,chrXVI,252034,254310,-,142,51
YPL160W,chrXVI,246990,250262,+,51,172
YPL169C,chrXVI,229039,230838,-,38,239
YPL173W,chrXVI,223143,224036,+,54,133
YPL178W,chrXVI,212158,212784,+,49,114
YPL190C,chrXVI,185317,187725,-,94,395
YPL199C,chrXVI,172033,172755,-,9,56
YPL203W,chrXVI,166256,167398,+,163,242
YPL204W,chrXVI,164276,165760,+,209,136
YPL206C,chrXVI,162632,163597,-,60,90
YPL208W,chrXVI,157842,159593,+,22,44
YPL210C,chrXVI,154290,156212,-,99,66
YPL211W,chrXVI,153495,154040,+,33,129
YPL215W,chrXVI,147416,148423,+,24,154
YPL218W,chrXVI,138698,139409,+,48,68
YPL225W,chrXVI,126006,126446,+,24,136
YPL226W,chrXVI,121767,125357,+,60,254
YPL228W,chrXVI,118382,120031,+,130,153
YPL231W,chrXVI,108652,114315,+,81,85
YPL232W,chrXVI,107275,108147,+,179,79
YPL234C,chrXVI,104946,105440,-,52,116
YPL235W,chrXVI,103232,104647,+,94,65
YPL240C,chrXVI,96496,98625,-,38,96
YPL243W,chrXVI,88517,90316,+,91,104
YPL262W,chrXVI,47336,48802,+,44,45
YPL266W,chrXVI,39121,40077,+,51,66
YPL271W,chrXVI,30079,30267,+,23,129
YPR004C,chrXVI,564007,565041,-,81,33
YPR010C,chrXVI,577585,581196,-,52,125
YPR010C-A,chrXVI,582373,582734,-,115,140
YPR020W,chrXVI,599870,600217,+,35,111
YPR024W,chrXVI,610481,612724,+,111,512
YPR028W,chrXVI,623527,624202,+,56,140
YPR033C,chrXVI,637379,639019,-,2,45
YPR035W,chrXVI,642208,643320,+,118,96
YPR036W,chrXVI,643836,645272,+,43,85
YPR041W,chrXVI,648704,649921,+,74,178
YPR060C,chrXVI,674861,675631,-,63,122
YPR069C,chrXVI,684556,685437,-,22,39
YPR074C,chrXVI,692796,694838,-,100,103
YPR088C,chrXVI,711403,713028,-,33,52
YPR093C,chrXVI,719558,720424,-,39,42
YPR097W,chrXVI,725394,728615,+,226,169
YPR103W,chrXVI,732349,733212,+,95,60
YPR108W,chrXVI,742454,743743,+,72,56
YPR109W,chrXVI,744689,745573,+,138,109
YPR110C,chrXVI,745828,746835,-,8,194
YPR113W,chrXVI,752257,752919,+,20,104
YPR118W,chrXVI,767752,768987,+,41,73
YPR125W,chrXVI,787961,789325,+,86,171
YPR133C,chrXVI,795978,797210,-,76,51
YPR143W,chrXVI,818323,819075,+,27,130
YPR145W,chrXVI,822620,824338,+,55,148
YPR149W,chrXVI,829918,830439,+,171,385
YPR155C,chrXVI,835563,837413,-,41,190
YPR159W,chrXVI,857583,859745,+,284,283
YPR160W,chrXVI,861306,864014,+,151,146
YPR163C,chrXVI,868645,869955,-,92,133
YPR165W,chrXVI,875368,875997,+,216,185
YPR166C,chrXVI,876282,876629,-,38,64
YPR167C,chrXVI,876847,877632,-,49,38
YPR173C,chrXVI,886524,887837,-,47,48
YPR174C,chrXVI,888043,888708,-,14,74
YPR180W,chrXVI,895961,897004,+,16,73
YPR181C,chrXVI,897361,899667,-,166,219
YPR183W,chrXVI,900755,901558,+,39,87
YPR184W,chrXVI,902044,906654,+,43,84
YPR189W,chrXVI,912664,916962,+,5,129
YPR190C,chrXVI,917077,919041,-,43,93
YPR191W,chrXVI,919381,920487,+,84,164
